metin,kategori,label,intent,intent_label,oncelik,oncelik_label,stil,kaynak
Asansör kapısı takıldı Vezneciler B1,mekanik_istasyon,0,fault_report,0,P3,2,devrik,relabel:ollama
Asansör kapısı takıldı B1 kat,mekanik_istasyon,0,fault_report,0,P3,2,devrik,relabel:gemini
Yürüyen merdiven ses çıkarıyor Ümraniye,mekanik_istasyon,0,fault_report,0,P3,2,devrik,relabel:ollama
yuruyen merdiven ses cikar taksim,mekanik_istasyon,0,fault_report,0,P3,2,yazim_yanlisi,relabel:ollama
asansor calismiyo kartal istasyon,mekanik_istasyon,0,fault_report,0,P3,2,yazim_yanlisi,relabel:ollama
asansor calismiyor kartal istasyon,mekanik_istasyon,0,fault_report,0,P3,2,yazim_yanlisi,relabel:gemini
Bariyer hidrolik yağ basıyor Topkapı,mekanik_istasyon,0,fault_report,0,P3,2,devrik,relabel:ollama
Bariyer hidrolik yağı sızıyor,mekanik_istasyon,0,fault_report,0,P3,2,cok_kisa,relabel:ollama
Yürüyen merdiven 3 durdu,mekanik_istasyon,0,fault_report,0,P3,2,cok_kisa,relabel:ollama
Yürüyen merdiven durdu 3. peron,mekanik_istasyon,0,fault_report,0,P3,2,devrik,relabel:gemini
veznecıler gırıs kapısı mekanızması degısse cok iyi olr.,mekanik_istasyon,0,suggestion,4,P4,3,yazim_yanlisi,relabel:ollama
Ataköy istasyonu turnike bölgesi BSO-05 numaralı bariyer motoru dondu açılmıyor.,mekanik_istasyon,0,fault_report,0,P3,2,standart,relabel:ollama
Üsküdar iskelesindeki asansörün kapı mekanizması arızası sebebiyle ne kadar süre servis dışı kalacağı belli mi?,mekanik_istasyon,0,information_request,2,P4,3,standart,relabel:ollama
Ziya Gökalp BSO iade modülü kapak açma komutu vermiyor.,mekanik_istasyon,0,fault_report,0,P3,2,standart,relabel:ollama
oto kapi sensor calismiyo pendik ist,mekanik_istasyon,0,fault_report,0,P3,2,yazim_yanlisi,relabel:ollama
Bariyer boyları uzatılsın.,mekanik_istasyon,0,suggestion,4,P4,3,cok_kisa,relabel:ollama
"Perona inen asansörün kapı motoru sıkıştı, kapı tam kapanmadığı için asansör aşağı hareket etmiyor.",mekanik_istasyon,0,fault_report,0,P3,2,,manuel_hedefli:hard_negative_kapi
Bariyer kolu çökeldi Ataköy çıkış kat,mekanik_istasyon,0,fault_report,0,P3,2,devrik,relabel:ollama
"Metro girişindeki demir kepenk kapılar yarıya kadar inmiş takılı kalmış, insanlar eğilerek giriyor.",mekanik_istasyon,0,fault_report,0,P3,2,,manuel_hedefli:hard_negative_kapi
Kapi acilmiyor yolcu saglam cikis.,mekanik_istasyon,0,fault_report,0,P3,2,yazim_yanlisi,relabel:gemini
"Vezneciler geçiş torneleri merkezi sistemden ""Kilitli"" modunda kaldı.",mekanik_istasyon,0,fault_report,0,P2,1,standart,relabel:ollama
Atatürk Havalimanı istasyonu 3 numaralı yürüyen merdiven gürültülü çalışıyor duraklama riski var.,mekanik_istasyon,0,fault_report,0,P3,2,standart,relabel:ollama
Turnike kolu sıkıştı Gayrettepe yoğun saat,mekanik_istasyon,0,fault_report,0,P3,2,devrik,relabel:ollama
Giriş kapıları otomatikleşsin.,mekanik_istasyon,0,suggestion,4,P4,3,cok_kisa,relabel:ollama
Yoğun saatlerde turnike geçişlerini hızlandırmak için döner kolların hafifletilmiş alaşımla değiştirilmesini teklif ediyorum.,mekanik_istasyon,0,suggestion,4,P4,3,standart,relabel:ollama
Kızılay M4 transfer merdiveni paletleri sallanıyor çatlak sesi geliyor kullanım kapatıldı.,mekanik_istasyon,0,fault_report,0,P3,2,standart,relabel:ollama
Merdiven başlangıç plakası kalkık,mekanik_istasyon,0,fault_report,0,P1,0,cok_kisa,relabel:ollama
yuruyen merdıven kenarlarına koruyucu cıta takılsa ıyı olcak.,mekanik_istasyon,0,suggestion,4,P4,3,yazim_yanlisi,relabel:ollama
Bariyer ne zaman takılır?,mekanik_istasyon,0,information_request,2,P4,3,cok_kisa,relabel:ollama
Şişhane istasyonu güney çıkışındaki arızalı yürüyen merdivenin onarım çalışması bugün akşam yoğun saatine kadar biter mi?,mekanik_istasyon,0,information_request,2,P4,3,standart,relabel:ollama
Gelir mi teknik ekip üst kata?,mekanik_istasyon,0,information_request,2,P4,3,devrik,relabel:ollama
turnike gecis kapi takildi halic,mekanik_istasyon,0,fault_report,0,P3,2,yazim_yanlisi,relabel:ollama
Turnike mécanik sayaç durdu,mekanik_istasyon,0,fault_report,0,P3,2,cok_kisa,relabel:ollama
asansor butonlari calismiyo dudullu alt,mekanik_istasyon,0,fault_report,0,P3,2,yazim_yanlisi,relabel:ollama
Bostancı Marmaray transfer bariyeri reader takozu kırık kart okumuyor mekanik engel var.,mekanik_istasyon,0,fault_report,0,P3,2,standart,relabel:ollama
Yürüyen merdiven fren çekiyor,mekanik_istasyon,0,fault_report,0,P3,2,cok_kisa,relabel:ollama
Kapali gecis acilmiyor gayrettepe yolcu gec kalir,mekanik_istasyon,0,fault_report,0,P2,1,yazim_yanlisi,relabel:ollama
Merdiven yanlarına fırça eklensin.,mekanik_istasyon,0,suggestion,4,P4,3,cok_kisa,relabel:ollama
Gayrettepe istasyonu bilet holündeki 3 numaralı yürüyen merdivenin tamir işlemi ne zaman tamamlanacaktır?,mekanik_istasyon,0,information_request,2,P4,3,standart,relabel:ollama
Turnike rotör kilitlenmiş,mekanik_istasyon,0,fault_report,0,P3,2,cok_kisa,relabel:ollama
sishane yuruyen merdiven basamak plakasi kopuk,mekanik_istasyon,0,fault_report,0,P1,0,yazim_yanlisi,relabel:ollama
"İkitelli Sanayi geçiş torneleri açılma gecikmesi yaşıyor, kontrol ediliyor.",mekanik_istasyon,0,fault_report,0,P3,2,standart,relabel:ollama
turnike kolu geri donmuyo atasehir,mekanik_istasyon,0,fault_report,0,P3,2,yazim_yanlisi,relabel:ollama
Bariyer kolu çöküverdi Mahmutbey çıkış,mekanik_istasyon,0,fault_report,0,P3,2,devrik,relabel:ollama
Asansor yok engelli gecemiyor itu,mekanik_istasyon,0,fault_report,0,P2,1,yazim_yanlisi,relabel:ollama
Asansör kuyusu su birikintisi,mekanik_istasyon,0,fault_report,0,P3,2,cok_kisa,relabel:ollama
turnike kolu donmuyo giris kat,mekanik_istasyon,0,fault_report,0,P3,2,yazim_yanlisi,relabel:ollama
Osmanbey istasyonu 1 numaralı yürüyen merdiven freni çekmiyor ani durma tehlikesi var.,mekanik_istasyon,0,fault_report,0,P1,0,standart,relabel:ollama
Kozyatağı istasyonu 2 numaralı asansör kapı paneli sallanıyor cam kırılma riski var.,mekanik_istasyon,0,fault_report,0,P1,0,standart,relabel:ollama
Kaçta gelir asansör tamir ekibi?,mekanik_istasyon,0,information_request,2,P4,3,devrik,relabel:ollama
Asansör içi ayna takılsın.,mekanik_istasyon,0,suggestion,4,P4,3,cok_kisa,relabel:ollama
ym 05 titriyor mecidiyekoy peron,mekanik_istasyon,0,fault_report,0,P3,2,yazim_yanlisi,relabel:ollama
Taksim istasyonu bilet holü yürüyen merdivenlerine fırça koruyucu takılması teknik güvenliği ve temizliği artıracaktır.,mekanik_istasyon,0,suggestion,4,P4,3,standart,relabel:ollama
Yürüyen merdiven sesli çalışıyor Şirinevler,mekanik_istasyon,0,fault_report,0,P3,2,devrik,relabel:ollama
Üsküdar turnike 3 kol sıkıştı,mekanik_istasyon,0,fault_report,0,P3,2,cok_kisa,relabel:ollama
yuruyen merdiven ani durdu bostanci,mekanik_istasyon,0,fault_report,0,P3,2,yazim_yanlisi,relabel:ollama
Merdiven çalışıyor mu şimdi?,mekanik_istasyon,0,information_request,2,P4,3,cok_kisa,relabel:ollama
Yürüyen merdiven yön değiştirmiyor Hacıosman,mekanik_istasyon,0,fault_report,0,P3,2,devrik,relabel:ollama
Açılır mı Gayrettepe bilet holü bariyerleri?,mekanik_istasyon,0,information_request,2,P3,2,devrik,relabel:ollama
Şart ek tutamak asansör kabin içine.,mekanik_istasyon,0,suggestion,4,P4,3,devrik,relabel:ollama
"Kadıköy istasyonunda perona inen yürüyen merdivenlerin hiçbiri çalışmıyor, yaşlılar merdivenlerde perişan oldu.",mekanik_istasyon,0,fault_report,0,P2,1,,manuel_hedefli:p2_dolayli_cogulluk
turnike kapak takildi vezneciler cikis,mekanik_istasyon,0,fault_report,0,P3,2,yazim_yanlisi,relabel:ollama
Ümraniye istasyonu yürüyen merdiven étape plakaları kırık ayak ucu takılıyor.,mekanik_istasyon,0,fault_report,0,P1,0,standart,relabel:ollama
Bagcilar peron katindaki asansor kapisi nezaman duzelir?,mekanik_istasyon,0,information_request,2,P3,2,yazim_yanlisi,relabel:ollama
Asansör kapısı takıldı Şirinevler peron,mekanik_istasyon,0,fault_report,0,P3,2,devrik,relabel:ollama
Cikis kapisi acilmiyor personel yok pendik,mekanik_istasyon,0,fault_report,0,P2,1,yazim_yanlisi,relabel:ollama
Acil çıkış kilidi peron kapısı takılı.,mekanik_istasyon,0,fault_report,0,P1,0,devrik,relabel:gemini
Üsküdar istasyonu güney çıkış turnikesi kolu dönmüyor yolcular geçiş yapamıyor.,mekanik_istasyon,0,fault_report,0,P3,2,standart,relabel:ollama
Kapi arasi gecis kapali mecidiyekoy yolcu sikis,mekanik_istasyon,0,fault_report,0,P2,1,yazim_yanlisi,relabel:ollama
kadkoy asansr kabn yazici tozu dagli cok,mekanik_istasyon,0,fault_report,0,P3,2,yazim_yanlisi,relabel:ollama
asansor kata ara kaliyo dudullu,mekanik_istasyon,0,fault_report,0,P1,0,yazim_yanlisi,relabel:ollama
Bostancı istasyonu 1 numaralı asansör katlarda takılıp kalıyor çağrı butonu cevapsız.,mekanik_istasyon,0,incident_report,1,P1,0,standart,relabel:ollama
turnikenin kolu kirik ne zaman yapilcak bu?,mekanik_istasyon,0,information_request,2,P4,3,yazim_yanlisi,relabel:ollama
asansor kata asagi inmiyo sishane,mekanik_istasyon,0,fault_report,0,P3,2,yazim_yanlisi,relabel:ollama
Turnike kolu kırıldı Ataköy bilet holü,mekanik_istasyon,0,fault_report,0,P3,2,devrik,relabel:ollama
ym 03 durma komutu almiyo yenisehir,mekanik_istasyon,0,fault_report,0,P3,2,yazim_yanlisi,relabel:ollama
Gayrettepe istasyonu kuzey girişindeki asansör kapı raylarına fırça sistemi eklenmesi tıkanmaları önleyecektir.,mekanik_istasyon,0,suggestion,4,P4,3,standart,relabel:ollama
Otomatik kapı takıldı Kadıköy,mekanik_istasyon,0,fault_report,0,P3,2,devrik,relabel:ollama
Ayrılık Çeşmesi istasyonu yürüyen merdiven yön değiştirme anahtarı takılı dönmüyor.,mekanik_istasyon,0,fault_report,0,P3,2,standart,relabel:ollama
Turnike gövdesi çatlak Bostancı bilet 홓,mekanik_istasyon,0,fault_report,0,P4,3,devrik,relabel:ollama
Asansör kapı mandalı kırık,mekanik_istasyon,0,fault_report,0,P3,2,cok_kisa,relabel:ollama
Yenikapı aktarma geçitlerde tornelit açılma komutunu almadığı bildirildi.,mekanik_istasyon,0,fault_report,0,P2,1,standart,relabel:ollama
"Turnike yanındaki engelli geçiş kapısının menteşesi kırılmış, kapı fiziksel olarak yere sürtüyor.",mekanik_istasyon,0,fault_report,0,P3,2,,manuel_hedefli:hard_negative_kapi
levent yuruyen merdiven buzlanti tuzlanmamis sabah,mekanik_istasyon,0,fault_report,0,P3,2,yazim_yanlisi,relabel:ollama
Merdiven palet zinciri kopuk,mekanik_istasyon,0,fault_report,0,P3,2,cok_kisa,relabel:ollama
Elektrik odası havalandırması çalışmıyor,mekanik_istasyon,0,fault_report,0,P3,2,devrik,relabel:ollama
pndk peron asansr kabn yazc tz,mekanik_istasyon,0,fault_report,0,P3,2,yazim_yanlisi,relabel:ollama
Merdiven fehlı 단계 bozuk,mekanik_istasyon,0,fault_report,0,P3,2,cok_kisa,relabel:ollama
Asansör seviye farkı veriyor Şişli alt kat,mekanik_istasyon,0,fault_report,0,P3,2,devrik,relabel:ollama
Turnike dönmüyor Kozyatağı 3 numaralı,mekanik_istasyon,0,fault_report,0,P3,2,devrik,relabel:ollama
Turnike kolları yumuşatılsın.,mekanik_istasyon,0,suggestion,4,P4,3,cok_kisa,relabel:ollama
asansor seviye farki var fevzi cakmak,mekanik_istasyon,0,fault_report,0,P1,0,yazim_yanlisi,relabel:ollama
Turnike 2 kol dönmüyor,mekanik_istasyon,0,fault_report,0,P3,2,cok_kisa,relabel:ollama
turnike kolu donmuyo kartal cikis,mekanik_istasyon,0,fault_report,0,P3,2,yazim_yanlisi,relabel:ollama
Asansör kulakçık sesi çıkarıyor Aksaray,mekanik_istasyon,0,fault_report,0,P3,2,devrik,relabel:ollama
Sanayi Mahallesi istasyonu bariyer kapağı yerinden oynadı kapatılmıyor geçiş serbest.,mekanik_istasyon,0,fault_report,0,P3,2,standart,relabel:ollama
Asansör seviye farkı yapıyor Üsküdar B2,mekanik_istasyon,0,fault_report,0,P1,0,devrik,relabel:ollama
Kapı onarımı bitti mi?,mekanik_istasyon,0,information_request,2,P4,3,cok_kisa,relabel:ollama
"Levent'teki engelli asansörlerinin tamamı bozuk, tekerlekli sandalyeli yolcu geçiş yapamıyor.",mekanik_istasyon,0,fault_report,0,P2,1,,manuel_hedefli:p2_dolayli_cogulluk
ym 06 fren basilmadi sirinevler,mekanik_istasyon,0,fault_report,0,P3,2,yazim_yanlisi,relabel:ollama
Turnike mekanizması kilitlendi Kozyatağı,mekanik_istasyon,0,fault_report,0,P3,2,devrik,relabel:ollama
Kapı kolu bağlantısı koptu,mekanik_istasyon,0,fault_report,0,P3,2,cok_kisa,relabel:ollama
bariyerlerin kılıt sıstemı guclendırılse daha guvenlı olur bence.,mekanik_istasyon,0,suggestion,4,P4,3,yazim_yanlisi,relabel:ollama
Kartal istasyonunda besleme şalteri kapatılmıyor mekanik takılma var.,mekanik_istasyon,0,fault_report,0,P3,2,standart,relabel:ollama
Geçiş merdiveni basamak nose kırık,mekanik_istasyon,0,fault_report,0,P3,2,cok_kisa,relabel:ollama
Turnike 5 mekanik arıza,mekanik_istasyon,0,fault_report,0,P3,2,cok_kisa,relabel:gemini
Kadıköy turnike kolu yapıldı mı?,mekanik_istasyon,0,information_request,2,P3,2,cok_kisa,relabel:ollama
Merdiven el kolları sallanıyor Pendik,mekanik_istasyon,0,fault_report,0,P3,2,devrik,relabel:ollama
Şirinevler aktarma merkezindeki yürüyen merdiven basamaklarına kaydırmaz bant uygulaması yapılması emniyeti artıracaktır.,mekanik_istasyon,0,suggestion,4,P4,3,standart,relabel:ollama
gayrettepe 3 nolu turnike kart okutmadan zorlanarak aciliyo kacak gecis var,mekanik_istasyon,0,fault_report,0,P3,2,yazim_yanlisi,relabel:ollama
oto kapi yarim kaldi yenisahra,mekanik_istasyon,0,fault_report,0,P3,2,yazim_yanlisi,relabel:ollama
Yangın bariyeri açılmıyor,mekanik_istasyon,0,fault_report,0,P1,0,cok_kisa,relabel:ollama
Yürüyen merdiven yavaşladı Ataşehir 1 no,mekanik_istasyon,0,fault_report,0,P3,2,devrik,relabel:ollama
Ne zaman takılır yeni cam kapı?,mekanik_istasyon,0,information_request,2,P4,3,devrik,relabel:ollama
Mecidiyeköy bilet holü turnikesi kol sabitlendi geçiş tamamen kapalı durumda.,mekanik_istasyon,0,fault_report,0,P2,1,standart,relabel:ollama
levent asansor kuyusuna su doldu acil mudahale,mekanik_istasyon,0,fault_report,0,P3,2,yazim_yanlisi,relabel:ollama
Hamur işi yapışık kapı rayları açılmıyor,mekanik_istasyon,0,fault_report,0,P3,2,devrik,relabel:ollama
Bakırköy istasyonu asansör çağrı butonları yanıt vermiyor kabin hareket etmiyor.,mekanik_istasyon,0,fault_report,0,P3,2,standart,relabel:ollama
Aksaray istasyonu C çıkışı asansörü kapı kilidi takıldı açılmıyor teknik ekip çağrıldı.,mekanik_istasyon,0,fault_report,0,P3,2,standart,relabel:ollama
Yenilensin turnike gövdeleri Şişhane bilet holü.,mekanik_istasyon,0,suggestion,4,P4,3,devrik,relabel:ollama
gayrettepe asansor kuyu pompasi calismiyo su doldu,mekanik_istasyon,0,fault_report,0,P3,2,yazim_yanlisi,relabel:ollama
asansor kabin kapi takildi taksim,mekanik_istasyon,0,fault_report,0,P3,2,yazim_yanlisi,relabel:ollama
Merdiven zinciri koptu Mahmutbey,mekanik_istasyon,0,fault_report,0,P1,0,devrik,relabel:ollama
Menderes istasyonu asansör limit switchi bozulmuş en üste çıkıp takılı kalıyor.,mekanik_istasyon,0,fault_report,0,P3,2,standart,relabel:ollama
Üsküdar giriş kapısı takıldı,mekanik_istasyon,0,fault_report,0,P3,2,cok_kisa,relabel:ollama
Şişhane istasyonu giriş bariyeri kapanma süresi çok kısa yolcu sırtına vurdu.,mekanik_istasyon,0,incident_report,1,P1,0,standart,relabel:ollama
Merdiven paleti söküldü Ataköy geçiş koridoru,mekanik_istasyon,0,fault_report,0,P3,2,devrik,relabel:ollama
Şişli istasyonu kuzey girişindeki otomatik kapıların fiziksel onarımı için teknik ekip bugün istasyona gelecek mi?,mekanik_istasyon,0,information_request,2,P4,3,standart,relabel:ollama
Açılmıyor personel dolabının kapağı Topkapı'da.,mekanik_istasyon,0,fault_report,0,P3,2,devrik,relabel:ollama
bariyer mekanizma dondu tavsantepe giris,mekanik_istasyon,0,fault_report,0,P3,2,yazim_yanlisi,relabel:ollama
Kirazlı aktarma katındaki yürüyen yolun palet değişim süreci hakkında genel merkezden bir bilgi geldi mi?,mekanik_istasyon,0,information_request,2,P4,3,standart,relabel:ollama
Vezneciler kuzey girişindeki turnike kollarının darbelere dayanıklı yumuşak kaplama ile yenilenmesini öneriyoruz.,mekanik_istasyon,0,suggestion,4,P4,3,standart,relabel:ollama
Levent istasyonu 1 numaralı yürüyen merdiven basamak plakası kırıldı yolcu düştü.,mekanik_istasyon,0,fault_report,0,P1,0,standart,relabel:ollama
Bostancı YM-02 fren gecikmeli,mekanik_istasyon,0,fault_report,0,P1,0,cok_kisa,relabel:ollama
Yenisahra istasyonu asansör motor odası fanı çalışmıyor motor ısınma alarmı verdi.,mekanik_istasyon,0,fault_report,0,P3,2,standart,relabel:ollama
Hacıosman istasyonu ikinci perondaki çalışmayan yürüyen yolun ne zaman devreye alınacağı konusunda bilgi beklemekteyiz.,mekanik_istasyon,0,information_request,2,P3,2,standart,relabel:ollama
Bariyer kırık personel kapısı Levent,mekanik_istasyon,0,fault_report,0,P3,2,devrik,relabel:ollama
Merdiven basamak kırığı.,mekanik_istasyon,0,fault_report,0,P3,2,cok_kisa,relabel:gemini
Tamir saati belli mi?,mekanik_istasyon,0,information_request,2,P4,3,cok_kisa,relabel:ollama
Kartal istasyonu 2 numaralı asansör motor ısınır duruyor tekrarlayan arıza bildirildi.,mekanik_istasyon,0,fault_report,0,P3,2,standart,relabel:ollama
İTÜ-Ayazağa istasyonu turnike kolu saplandı döngüye girdi mekanik kasılma mevcut.,mekanik_istasyon,0,fault_report,0,P3,2,standart,relabel:ollama
Bilgi var mı turnike kolu hakkında?,mekanik_istasyon,0,information_request,2,P4,3,devrik,relabel:ollama
dudullu asansr ic skiz yapms,mekanik_istasyon,0,fault_report,0,P3,2,yazim_yanlisi,relabel:ollama
Eklensin koruyucu bariyer asansör önüne.,mekanik_istasyon,0,suggestion,4,P4,3,devrik,relabel:ollama
Taksim istasyonunda asansör hizmet vermediği için yönlendirme yapıldı.,mekanik_istasyon,0,fault_report,0,P3,2,standart,relabel:ollama
"Mahmutbey M7 istasyon asansör kuyusu drenaj pomrası arızalı, su birikiyor.",mekanik_istasyon,0,fault_report,0,P3,2,standart,relabel:ollama
Ne zaman düzelir bu yürüyen merdiven?,mekanik_istasyon,0,information_request,2,P4,3,devrik,relabel:ollama
asansor kabini ne zaman duzelcek bilgi var mi?,mekanik_istasyon,0,information_request,2,P4,3,yazim_yanlisi,relabel:ollama
asansor alarm caldi fevzi cakmak,mekanik_istasyon,0,incident_report,1,P1,0,yazim_yanlisi,relabel:ollama
Asansör kapı mandalı kırıldı Ümraniye,mekanik_istasyon,0,fault_report,0,P3,2,devrik,relabel:ollama
İstasyona dışarıdan giriş yaptığımız otomatik fotoselli kapının sensörü bozulmuş kapanmıyor.,mekanik_istasyon,0,fault_report,0,P3,2,,manuel_hedefli:hard_negative_kapi
Kapı lastiği soyuldu Sultanbeyli giriş,mekanik_istasyon,0,fault_report,0,P4,3,devrik,relabel:ollama
yuruyen yolun paleti bugun degisir mi acaba?,mekanik_istasyon,0,information_request,2,P4,3,yazim_yanlisi,relabel:ollama
Turnike yönlendirme kolu çatı,mekanik_istasyon,0,fault_report,0,P3,2,cok_kisa,relabel:ollama
Halkalı istasyonu giriş otomatik kapısı takılı kalıyor el ile açılıp kapatılıyor.,mekanik_istasyon,0,fault_report,0,P3,2,standart,relabel:ollama
asansorlerin icine ayna takilsa cok daha ferah olur valla.,mekanik_istasyon,0,suggestion,4,P4,3,yazim_yanlisi,relabel:ollama
Asansör tamiri ne zaman biter?,mekanik_istasyon,0,information_request,2,P4,3,cok_kisa,relabel:ollama
Kadıköy M4 2 numaralı asansör seviye farkı yaratıyor yolcu ayak ucu takılıyor.,mekanik_istasyon,0,fault_report,0,P1,0,standart,relabel:ollama
oto kapi takildi gayrettepe cikis,mekanik_istasyon,0,fault_report,0,P3,2,yazim_yanlisi,relabel:ollama
Merdiven emniyet freni çekti Kartal,mekanik_istasyon,0,fault_report,0,P3,2,devrik,relabel:ollama
Yürüyen merdiven motor ısınma,mekanik_istasyon,0,fault_report,0,P3,2,cok_kisa,relabel:ollama
Cam kapı hortumu patladı,mekanik_istasyon,0,fault_report,0,P3,2,cok_kisa,relabel:ollama
asansor kapi acilmiyo bagcilar giris,mekanik_istasyon,0,fault_report,0,P3,2,yazim_yanlisi,relabel:ollama
Peron yoğunluk bariyeri eklenmeli.,mekanik_istasyon,0,suggestion,4,P4,3,cok_kisa,relabel:ollama
Şirinevler asansör duraklamıyor,mekanik_istasyon,0,fault_report,0,P3,2,cok_kisa,relabel:ollama
Turnike gövdesi çatlak Kadıköy giriş kat,mekanik_istasyon,0,fault_report,0,P4,3,devrik,relabel:ollama
yuruyen merdiven aniden durdu gayrettepe,mekanik_istasyon,0,fault_report,0,P3,2,yazim_yanlisi,relabel:ollama
turnıke koları cok sert dıs kaplama lazim bunlara.,mekanik_istasyon,0,suggestion,4,P4,3,yazim_yanlisi,relabel:ollama
Kağıthane M11 istasyonu merdiven palet arası mesafe açıldı küçük eşya düştü.,mekanik_istasyon,0,fault_report,0,P3,2,standart,relabel:ollama
bariyer dondu haciosman giris kat,mekanik_istasyon,0,fault_report,0,P3,2,yazim_yanlisi,relabel:ollama
Bostancı koridor bariyer kalkmıyor,mekanik_istasyon,0,fault_report,0,P3,2,cok_kisa,relabel:ollama
Mecidiyeköy istasyonunda 2 numaralı yürüyen merdiven aniden durdu ve alarm verdi.,mekanik_istasyon,0,fault_report,0,P3,2,standart,relabel:ollama
Yürüyen merdiven durdurma tuşu bozuk,mekanik_istasyon,0,fault_report,0,P1,0,cok_kisa,relabel:ollama
bariyer kolu kirdi tavsantepe giris,mekanik_istasyon,0,fault_report,0,P3,2,yazim_yanlisi,relabel:ollama
Yıldız Teknik Üniversitesi istasyonu merdiven direksiyon kolu kırık yön değiştirilemiyor.,mekanik_istasyon,0,fault_report,0,P3,2,standart,relabel:ollama
Otomatik kapı takıldı Şişli tünel ağzı,mekanik_istasyon,0,fault_report,0,P3,2,devrik,relabel:ollama
asansör dugmelerı kabartmalı metal olsa daha dayanıklı olurdu.,mekanik_istasyon,0,suggestion,4,P4,3,yazim_yanlisi,relabel:ollama
Asansör kullanılamıyor yolcular zorlanıyor 4.Levent,mekanik_istasyon,0,fault_report,0,P3,2,devrik,relabel:ollama
YM-04 merdiven aniden durdu Olimpiyat,mekanik_istasyon,0,fault_report,0,P3,2,devrik,relabel:ollama
Kadıköy asansör kabini kusmuk lekesi,mekanik_istasyon,0,fault_report,0,P3,2,cok_kisa,relabel:ollama
oto kapi kapanirken takiliyo mecidiyekoy,mekanik_istasyon,0,fault_report,0,P3,2,yazim_yanlisi,relabel:ollama
Kat kapısı lastiği soyuldu,mekanik_istasyon,0,fault_report,0,P3,2,cok_kisa,relabel:ollama
yuruyen merdiven titriyo yenikapi alt,mekanik_istasyon,0,fault_report,0,P3,2,yazim_yanlisi,relabel:ollama
Bariyer kapağı yere düştü,mekanik_istasyon,0,fault_report,0,P3,2,cok_kisa,relabel:ollama
Giriş kapısı yarım kaldı,mekanik_istasyon,0,fault_report,0,P3,2,cok_kisa,relabel:ollama
Yürüyen merdiven durdu Şişli üst kat,mekanik_istasyon,0,fault_report,0,P3,2,devrik,relabel:ollama
Turnike gövde çatlak var,mekanik_istasyon,0,fault_report,0,P4,3,cok_kisa,relabel:ollama
Yenikapı istasyonu asansör kabin içlerine tutunma barlarının eklenmesi yolcu güvenliği açısından faydalı olacaktır.,mekanik_istasyon,0,suggestion,4,P4,3,standart,relabel:ollama
Yenilensin turnike gövdeleri Topkapı bilet holünde çok eskidi.,mekanik_istasyon,0,suggestion,4,P4,3,devrik,relabel:ollama
turnike govesi hasarli atasehir ist,mekanik_istasyon,0,fault_report,0,P4,3,yazim_yanlisi,relabel:ollama
Asansör kapısı kapanmıyor Pendik,mekanik_istasyon,0,fault_report,0,P3,2,devrik,relabel:ollama
Asansör seviye hatası veriyor,mekanik_istasyon,0,fault_report,0,P3,2,cok_kisa,relabel:ollama
oto kapi motoru isindi pendik ist,mekanik_istasyon,0,fault_report,0,P3,2,yazim_yanlisi,relabel:ollama
Asansör cabini sallanıyor,mekanik_istasyon,0,fault_report,0,P1,0,cok_kisa,relabel:ollama
Kadıköy istasyonu B çıkışı asansörü kapıları açılıyor kapanmıyor yolcular içeride kaldı.,mekanik_istasyon,0,incident_report,1,P1,0,standart,relabel:ollama
İstasyon girişindeki manuel demir kapıların sensörlü otomatik sistemlerle güncellenmesi erişilebilirliği kolaylaştıracaktır.,mekanik_istasyon,0,suggestion,4,P4,3,standart,relabel:ollama
Asansör kapı kilitlenmiyor,mekanik_istasyon,0,fault_report,0,P3,2,cok_kisa,relabel:ollama
Turnike 7 kapağı takılı,mekanik_istasyon,0,fault_report,0,P3,2,cok_kisa,relabel:ollama
oto kapi rayden cikti levent,mekanik_istasyon,0,fault_report,0,P3,2,yazim_yanlisi,relabel:ollama
Değişmeli menteşeler istasyon ana giriş kapısında.,mekanik_istasyon,0,suggestion,4,P4,3,devrik,relabel:ollama
Otomatik kapı motoru ısındı Bahçelievler,mekanik_istasyon,0,fault_report,0,P3,2,devrik,relabel:ollama
Bostancı istasyonunda katener gerginlik cihazı blokaj yapmış hareketsiz.,mekanik_istasyon,0,fault_report,0,P3,2,standart,relabel:ollama
Turnike kolu kırıldı giriş katı,mekanik_istasyon,0,fault_report,0,P3,2,devrik,relabel:gemini
asansor kapisi acilmiyo taksim ust,mekanik_istasyon,0,fault_report,0,P3,2,yazim_yanlisi,relabel:ollama
Turnike geçiş yönü kilitli,mekanik_istasyon,0,fault_report,0,P3,2,cok_kisa,relabel:ollama
ym 04 dondu yenisahra peron uzu,mekanik_istasyon,0,fault_report,0,P3,2,yazim_yanlisi,relabel:ollama
Asansör önü kalabalık çıkış engelli 4.Levent,mekanik_istasyon,0,complaint,3,P4,3,devrik,relabel:ollama
bariyer kapanmiyo kadikoy giris,mekanik_istasyon,0,fault_report,0,P3,2,yazim_yanlisi,relabel:ollama
Yürüyen merdiven durdu Hacıosman çıkış,mekanik_istasyon,0,fault_report,0,P3,2,devrik,relabel:ollama
Asansör durdu katlar arası Çekmeköy,mekanik_istasyon,0,incident_report,1,P1,0,devrik,relabel:ollama
Kırıldı personel dolabının kilidi kuzey girişte.,mekanik_istasyon,0,fault_report,0,P3,2,devrik,relabel:ollama
ym 02 yavas calisiyo osmanbey,mekanik_istasyon,0,fault_report,0,P3,2,yazim_yanlisi,relabel:ollama
Dudullu istasyonu turnike döner kol mekanizması kilitlendi dönmüyor paslanmış görünüyor.,mekanik_istasyon,0,fault_report,0,P3,2,standart,relabel:ollama
Kartal istasyonunda 1. peron aydınlatması tamamen söndü.,elektrik_enerji,1,fault_report,0,P3,2,standart,relabel:ollama
Şişli istasyonunda kuzey giriş aydınlatması tamamen söndü.,elektrik_enerji,1,fault_report,0,P3,2,standart,relabel:ollama
Kadıköy istasyonunda peron üstü acil aydınlatması testte yanıp söndü.,elektrik_enerji,1,fault_report,0,P3,2,standart,relabel:ollama
Şirinevler peron aydınlatması söndü,elektrik_enerji,1,fault_report,0,P3,2,cok_kisa,relabel:ollama
Peron aydınlatması tamamen söndü Bostancı,elektrik_enerji,1,fault_report,0,P3,2,devrik,relabel:ollama
Kadıköy istasyonunda peron aydınlatması tamamen söndü.,elektrik_enerji,1,fault_report,0,P3,2,standart,relabel:gemini
Peron aydınlatması söndü.,elektrik_enerji,1,fault_report,0,P3,2,cok_kisa,relabel:gemini
Jeneratör test çalışması devreye girmedi Bağcılar,elektrik_enerji,1,fault_report,0,P3,2,devrik,relabel:ollama
Jeneratör test çalışması devreye girmedi peron.,elektrik_enerji,1,fault_report,0,P2,1,devrik,relabel:gemini
Sanayi Mahallesi istasyonunda acil aydınlatma üniteleri test sırasında yanmadı.,elektrik_enerji,1,fault_report,0,P3,2,standart,relabel:ollama
Şişli-Mecidiyeköy istasyonunda acil aydınlatma üniteleri test sırasında yanmadı.,elektrik_enerji,1,fault_report,0,P2,1,standart,relabel:gemini
Esenler katener voltajı düşük,elektrik_enerji,1,fault_report,0,P2,1,cok_kisa,relabel:ollama
Katener voltajı düşük.,elektrik_enerji,1,fault_report,0,P2,1,cok_kisa,relabel:gemini
Mecidiyeköy istasyonunda ana dağıtım panosunda sigorta atması meydana geldi.,elektrik_enerji,1,fault_report,0,P3,2,standart,relabel:ollama
Şişhane istasyonunda ana dağıtım panosunda sigorta atması oluştu.,elektrik_enerji,1,fault_report,0,P3,2,standart,relabel:ollama
Asansör makine odası ışığı yanmıyor,elektrik_enerji,1,fault_report,0,P4,3,devrik,relabel:ollama
Asansör ışığı yanmıyor,elektrik_enerji,1,fault_report,0,P3,2,cok_kisa,relabel:ollama
Maltepe gişe katı aydınlatması yok,elektrik_enerji,1,fault_report,0,P3,2,cok_kisa,relabel:ollama
Maltepe gişe önü aydınlatması yanmıyor,elektrik_enerji,1,fault_report,0,P3,2,cok_kisa,relabel:ollama
Jeneratör yakıt pompası çalışmıyor,elektrik_enerji,1,fault_report,0,P3,2,devrik,relabel:ollama
sanayi uks jenrator yakit pompasi calismiyor,elektrik_enerji,1,fault_report,0,P3,2,yazim_yanlisi,relabel:ollama
ups bataryalari sarj tutmuyor yedek enerji yok,elektrik_enerji,1,fault_report,0,P2,1,yazim_yanlisi,relabel:gemini
sirinevler uks jenrator calismiyor yedek enerji yok,elektrik_enerji,1,fault_report,0,P2,1,yazim_yanlisi,relabel:ollama
UPS bypass moduna geçti otomatik,elektrik_enerji,1,fault_report,0,P3,2,devrik,relabel:ollama
taksim 3 peron uks trafo anormal ses cikar,elektrik_enerji,1,fault_report,0,P3,2,yazim_yanlisi,relabel:ollama
trafoda anormal ses ve yukselen sicaklik algilandi,elektrik_enerji,1,fault_report,0,P1,0,yazim_yanlisi,relabel:gemini
Giriş peron aydınlatması zayıf,elektrik_enerji,1,fault_report,0,P4,3,cok_kisa,relabel:ollama
Kadıköy 2. peron elektrik panolarının yerleri yolcu güvenliği için daha korunaklı bir alana taşınmalıdır.,elektrik_enerji,1,suggestion,4,P4,3,standart,relabel:ollama
Taksim giriş kat aydınlatması kapalı,elektrik_enerji,1,fault_report,0,P3,2,cok_kisa,relabel:ollama
Katener hattı voltaj düşmesiyle trenler yavaşladı,elektrik_enerji,1,fault_report,0,P2,1,devrik,relabel:ollama
parseller istasyon aydinlatma armaturleri cok eski yanmiyor,elektrik_enerji,1,fault_report,0,P2,1,yazim_yanlisi,relabel:ollama
Dudullu istasyonunda UPS çıkış voltajı dalgalı hassas cihazlar etkileniyor.,elektrik_enerji,1,fault_report,0,P3,2,standart,relabel:ollama
levent 1 peron asansor uks ups batarya arizali,elektrik_enerji,1,fault_report,0,P3,2,yazim_yanlisi,relabel:ollama
Katener hattında kısadevre oluştu,elektrik_enerji,1,fault_report,0,P1,0,devrik,relabel:ollama
Kirazlı istasyonunda asansör makina odası aydınlatması tamamen kapalı.,elektrik_enerji,1,fault_report,0,P3,2,standart,relabel:ollama
Seyrantepe istasyonunda bilet makineleri enerji kesintisinde kapanıyor UPS yok.,elektrik_enerji,1,fault_report,0,P3,2,standart,relabel:ollama
kagithane 2 peron katener voltaji alinamiyor,elektrik_enerji,1,fault_report,0,P3,2,yazim_yanlisi,relabel:ollama
Ana besleme kablosu hasar gördü,elektrik_enerji,1,fault_report,0,P1,0,devrik,relabel:ollama
Katener şalteri açık konumda kaldı,elektrik_enerji,1,fault_report,0,P3,2,devrik,relabel:ollama
Jeneratör çalışmıyor.,elektrik_enerji,1,fault_report,0,P2,1,cok_kisa,relabel:gemini
Aksaray trafo sigortası atıldı,elektrik_enerji,1,fault_report,0,P3,2,cok_kisa,relabel:ollama
yildiz istasyon genel aydinlatma kesik jenerator devreye girmedi,elektrik_enerji,1,fault_report,0,P2,1,yazim_yanlisi,relabel:ollama
gayrettepe istasyon peron aydinlatmasi titreme yapiyor,elektrik_enerji,1,fault_report,0,P3,2,yazim_yanlisi,relabel:ollama
esenler koridor aydinlatma armaturleri yanmiyor,elektrik_enerji,1,fault_report,0,P2,1,yazim_yanlisi,relabel:ollama
Kağıthane istasyonunda katener hattında iskıla oluşumu tespit edildi.,elektrik_enerji,1,fault_report,0,P1,0,standart,relabel:ollama
Üsküdar istasyonunda 턴스타일 bölgesi aydınlatması gece vardiyasında kapanmıyor.,elektrik_enerji,1,fault_report,0,P4,3,standart,relabel:ollama
Katener hatsızlık alarmı,elektrik_enerji,1,fault_report,0,P2,1,cok_kisa,relabel:ollama
Sanayi Mahallesi makas bölgesindeki ray bağlantı elemanlarında ani ark ve kıvılcım çıkışı tespit edilmiştir.,elektrik_enerji,1,fault_report,0,P1,0,standart,relabel:ollama
uzuncayir alt kat aydinlatma sondi yedek yok,elektrik_enerji,1,fault_report,0,P3,2,yazim_yanlisi,relabel:ollama
Kozyatağı istasyonunda UPS cihazı hata lambası yanıyor sesli alarm.,elektrik_enerji,1,fault_report,0,P3,2,standart,relabel:ollama
osmanbey peron aydinlatmasi cok dim gozluk gerekiyor,elektrik_enerji,1,complaint,3,P4,3,yazim_yanlisi,relabel:ollama
topkapi uks jenrator test calismasi basarisiz oldu,elektrik_enerji,1,fault_report,0,P3,2,yazim_yanlisi,relabel:ollama
Raydan kıvılcım çıkıyor acil.,elektrik_enerji,1,fault_report,0,P1,0,cok_kisa,relabel:ollama
Maltepe trafo yağ seviyesi düşük,elektrik_enerji,1,fault_report,0,P3,2,cok_kisa,relabel:ollama
Sıçrıyor kıvılcımlar Gayrettepe peron içi raylardan acil.,elektrik_enerji,1,fault_report,0,P1,0,devrik,relabel:ollama
Tünel ışık kıvılcımlı kablo kanalı su,elektrik_enerji,1,fault_report,0,P1,0,cok_kisa,relabel:ollama
kartal depo ana elektrik panosu disjonctor atiyor,elektrik_enerji,1,fault_report,0,P3,2,yazim_yanlisi,relabel:ollama
Şişli istasyonu UPS odasındaki akülerin ömürlerini tamamlaması nedeniyle yeni nesil lityum akülerle değiştirilmesi gereklidir.,elektrik_enerji,1,fault_report,0,P3,2,standart,relabel:ollama
atakoy peron aydinlatmasi tam kapanik acil mudahale,elektrik_enerji,1,fault_report,0,P2,1,yazim_yanlisi,relabel:ollama
Atatürk Havalimanı istasyonunda UPS baterileri yedek enerji vermiyor.,elektrik_enerji,1,fault_report,0,P2,1,standart,relabel:ollama
Levent istasyonunda peron üstü aydınlatma armatürleri yanmıyor.,elektrik_enerji,1,fault_report,0,P3,2,standart,relabel:ollama
esenler guney cikis elektrik kesintisi ups devreye girdi,elektrik_enerji,1,fault_report,0,P2,1,yazim_yanlisi,relabel:ollama
Topkapı kuzey çıkış aydınlatması zayıf,elektrik_enerji,1,fault_report,0,P4,3,cok_kisa,relabel:ollama
Enerji kablosu kesti,elektrik_enerji,1,fault_report,0,P1,0,cok_kisa,relabel:ollama
Yenilenmeli UPS aküleri servis sonunda.,elektrik_enerji,1,suggestion,4,P4,3,devrik,relabel:ollama
Çekmeköy istasyonunda BSO-02 bilet holü UPS cihazı arızalı.,elektrik_enerji,1,fault_report,0,P3,2,standart,relabel:ollama
Trafo Buchholz relesi alarm verdi,elektrik_enerji,1,fault_report,0,P3,2,devrik,relabel:ollama
Bağcılar yedek enerji test başarısız,elektrik_enerji,1,fault_report,0,P3,2,cok_kisa,relabel:ollama
Kağıthane jeneratör yakıt pompası arızalı,elektrik_enerji,1,fault_report,0,P3,2,cok_kisa,relabel:ollama
Bakırköy trafo yüklenme yüksek,elektrik_enerji,1,fault_report,0,P3,2,cok_kisa,relabel:ollama
kartal asansor onu icin led armatur takilsa iyi olur.,elektrik_enerji,1,suggestion,4,P4,3,yazim_yanlisi,relabel:ollama
4. Levent istasyonunda dağıtım panosu içi sıcaklık alarmı verdi.,elektrik_enerji,1,fault_report,0,P3,2,standart,relabel:ollama
maltepe 2 peron katener telleri saglamiyor gerilim,elektrik_enerji,1,fault_report,0,P3,2,yazim_yanlisi,relabel:ollama
Katener sökücü takıntı,elektrik_enerji,1,fault_report,0,P3,2,cok_kisa,relabel:ollama
aksaray alt kat yedek jenerator test basarisiz,elektrik_enerji,1,fault_report,0,P3,2,yazim_yanlisi,relabel:ollama
tavsantepe depo ana trafo yag seviyesi dusuk,elektrik_enerji,1,fault_report,0,P3,2,yazim_yanlisi,relabel:ollama
Yedek akım kaynağı test başarısız,elektrik_enerji,1,fault_report,0,P3,2,devrik,relabel:ollama
Gayrettepe istasyonunda jeneratör test çalışması başaramadı alarm aktif.,elektrik_enerji,1,fault_report,0,P3,2,standart,relabel:ollama
Taksim istasyonu B2 katı yangın kaçış merdivenlerinde aydınlatma eksikliği nedeniyle emniyet riski mevcuttur.,elektrik_enerji,1,fault_report,0,P1,0,standart,relabel:ollama
Koku geliyor yanık kablo,elektrik_enerji,1,fault_report,0,P1,0,devrik,relabel:ollama
Pano ampermetre göstermesi sıfır kaldı,elektrik_enerji,1,fault_report,0,P3,2,devrik,relabel:ollama
Kirazlı jeneratör devreye girmedi,elektrik_enerji,1,fault_report,0,P3,2,cok_kisa,relabel:ollama
Kadıköy istasyonunda güney çıkış rampası aydınlatması yarım kaldı.,elektrik_enerji,1,fault_report,0,P3,2,standart,relabel:ollama
Kadıköy katener kesikliği tespit edildi,elektrik_enerji,1,fault_report,0,P1,0,cok_kisa,relabel:ollama
Kablo kesen ateşlendi tünel içinde,elektrik_enerji,1,fault_report,0,P1,0,devrik,relabel:ollama
Jeneratör test başarısız,elektrik_enerji,1,fault_report,0,P3,2,cok_kisa,relabel:ollama
levent tunel agzi kablo tavalari yenilenirse ariza azalir.,elektrik_enerji,1,suggestion,4,P4,3,yazim_yanlisi,relabel:ollama
istanbul havalimani uks trafo sicaklik alarmi acik,elektrik_enerji,1,fault_report,0,P3,2,yazim_yanlisi,relabel:ollama
Turnike besleme panosu sigortası attı,elektrik_enerji,1,fault_report,0,P3,2,devrik,relabel:ollama
Levent UPS alarm veriyor,elektrik_enerji,1,fault_report,0,P3,2,cok_kisa,relabel:ollama
Şişhane istasyonunda katener gerginlik cihazı uyarı ışığı yanıyor.,elektrik_enerji,1,fault_report,0,P3,2,standart,relabel:ollama
Yanmıyor telsiz şarj ünitesinin ışıkları bilet holünde.,elektrik_enerji,1,fault_report,0,P3,2,devrik,relabel:ollama
bostanci 2 peron katener hattinda iskima var,elektrik_enerji,1,fault_report,0,P3,2,yazim_yanlisi,relabel:ollama
Peron lambaları sürekli yanıp sönüyor,elektrik_enerji,1,fault_report,0,P3,2,devrik,relabel:ollama
Katener gerilim izleyici sıfır gösteriyor Ataköy,elektrik_enerji,1,fault_report,0,P3,2,devrik,relabel:ollama
Vezneciler sigorta kutusu çürümüş,elektrik_enerji,1,fault_report,0,P3,2,cok_kisa,relabel:ollama
Üçüncü ray dilimi kopmuş bulundu,elektrik_enerji,1,fault_report,0,P1,0,devrik,relabel:ollama
"Ayrılık Çeşmesi peron aydınlatmalarının tamamı sönmüş durumda, zifiri karanlıkta beklemek zorundayız.",elektrik_enerji,1,fault_report,0,P2,1,,manuel_hedefli:p2_dolayli_cogulluk
Üçüncü ray topuzu yandı hareketli Atatürk Havalimanı,elektrik_enerji,1,fault_report,0,P1,0,devrik,relabel:ollama
Bakırköy yedek enerji devreye girmedi,elektrik_enerji,1,fault_report,0,P2,1,cok_kisa,relabel:ollama
seyrantepe istasyon peron aydinlatma sensoru bozuk surekli yanik,elektrik_enerji,1,fault_report,0,P4,3,yazim_yanlisi,relabel:ollama
bakirkoy bilet holu ups cihazi alarm veriyor,elektrik_enerji,1,fault_report,0,P3,2,yazim_yanlisi,relabel:ollama
Jeneratör şarj regulatörü bozuk,elektrik_enerji,1,fault_report,0,P3,2,cok_kisa,relabel:ollama
Ana enerji kesildi,elektrik_enerji,1,fault_report,0,P2,1,cok_kisa,relabel:ollama
Yedek güç kaynağı devreye girmedi,elektrik_enerji,1,fault_report,0,P3,2,devrik,relabel:ollama
Yenibosna sigorta kutusu patladı,elektrik_enerji,1,fault_report,0,P1,0,cok_kisa,relabel:ollama
uskudar istasyon aydinlatma panosu sigortalari yanmis durumda,elektrik_enerji,1,fault_report,0,P3,2,yazim_yanlisi,relabel:ollama
darussafaka istasyon genel aydinlatma yarisi calismiyor,elektrik_enerji,1,fault_report,0,P2,1,yazim_yanlisi,relabel:ollama
Jeneratör bataryası şarj olmuyor uzun,elektrik_enerji,1,fault_report,0,P3,2,devrik,relabel:ollama
Şişhane istasyonunda trafo odası soğutma fanı çalışmıyor.,elektrik_enerji,1,fault_report,0,P3,2,standart,relabel:ollama
4. Levent istasyonunda trafo yanmış kokusu geliyor acil müdahale.,elektrik_enerji,1,fault_report,0,P1,0,standart,relabel:ollama
haciosman 2 peron aydinlatma fotosel hassasiyeti bozuldu,elektrik_enerji,1,fault_report,0,P3,2,yazim_yanlisi,relabel:ollama
İstasyon aydınlatması tamamen söndü aniden Seyrantepe,elektrik_enerji,1,fault_report,0,P2,1,devrik,relabel:ollama
Şart peron sigortalarına yeni düzenleme.,elektrik_enerji,1,suggestion,4,P4,3,devrik,relabel:ollama
Gayrettepe peron ışıkları yanıp sönüyor,elektrik_enerji,1,fault_report,0,P3,2,cok_kisa,relabel:ollama
kadikoy trafo odasina ek sogutma lazim cok isiniyor.,elektrik_enerji,1,suggestion,4,P4,3,yazim_yanlisi,relabel:ollama
Mecidiyeköy trafoya su basması,elektrik_enerji,1,fault_report,0,P1,0,cok_kisa,relabel:ollama
Üçüncü ray voltaj düşüşü alarm verdi istasyon.,elektrik_enerji,1,fault_report,0,P2,1,devrik,relabel:gemini
Sigorta kutusu ergime izi var koridor,elektrik_enerji,1,fault_report,0,P1,0,devrik,relabel:ollama
atasehir bilet makineleri elektrik kesintisi oldugu icin kapali,elektrik_enerji,1,fault_report,0,P2,1,yazim_yanlisi,relabel:ollama
Yedek akım panosu arızalı,elektrik_enerji,1,fault_report,0,P3,2,cok_kisa,relabel:ollama
emniyet fatih peron yukarisi aydinlatma armaturu dustu,elektrik_enerji,1,fault_report,0,P1,0,yazim_yanlisi,relabel:ollama
Seyrantepe istasyonunda güney çıkış aydınlatması kesik kesik yanıyor.,elektrik_enerji,1,fault_report,0,P3,2,standart,relabel:ollama
Kadıköy katener sökücü takıldı,elektrik_enerji,1,fault_report,0,P3,2,cok_kisa,relabel:ollama
zeytinburnu istasyon 3. ray izolatorlari kirik gorundu,elektrik_enerji,1,fault_report,0,P3,2,yazim_yanlisi,relabel:ollama
Yenikapı UPS arıza verdi,elektrik_enerji,1,fault_report,0,P3,2,cok_kisa,relabel:ollama
aksaray aktarma kat aydinlatma panosu cizgisi cikti,elektrik_enerji,1,fault_report,0,P3,2,yazim_yanlisi,relabel:ollama
Peron ışığı tamamen kapalı,elektrik_enerji,1,fault_report,0,P3,2,cok_kisa,relabel:ollama
Topkapı turnike bölgesi aydınlatmalarının LED sisteme dönüştürülmesi enerji verimliliği açısından büyük avantaj sağlayacaktır.,elektrik_enerji,1,suggestion,4,P4,3,standart,relabel:ollama
Mecidiyeköy istasyonunda tünel aydınlatması yarı kapasitede çalışıyor.,elektrik_enerji,1,fault_report,0,P3,2,standart,relabel:ollama
yenikapi kuzey giris trafo yag seviyesi dusuk,elektrik_enerji,1,fault_report,0,P3,2,yazim_yanlisi,relabel:ollama
Aydınlatma foto hücreleri çalışmıyor gece,elektrik_enerji,1,fault_report,0,P3,2,devrik,relabel:ollama
Peron 2 acil aydınlatması testte yandı,elektrik_enerji,1,fault_report,0,P4,3,devrik,relabel:ollama
Kartal elektrik panosu sigortası atıldı,elektrik_enerji,1,fault_report,0,P3,2,cok_kisa,relabel:ollama
Katener gerilimi 0 volt,elektrik_enerji,1,fault_report,0,P2,1,cok_kisa,relabel:ollama
Çekmeköy istasyonunda jeneratör soğutma suyu sızdırıyor elektrik panosu tehlikede.,elektrik_enerji,1,fault_report,0,P1,0,standart,relabel:ollama
Üsküdar istasyonunda jeneratör test çalışması otomatik başlatılmadı.,elektrik_enerji,1,fault_report,0,P3,2,standart,relabel:ollama
"Şirinevler koridorundaki lambaların hiçbiri yanmıyor, göz gözü görmüyor acil müdahale ekibi yönlendirin.",elektrik_enerji,1,fault_report,0,P2,1,,manuel_hedefli:p2_dolayli_cogulluk
vezneciler makasinda raylardan asiri kivilcim cikiyo seferi durdurun,elektrik_enerji,1,fault_report,0,P1,0,yazim_yanlisi,relabel:ollama
Atatürk Havalimanı UPS bataryası boş,elektrik_enerji,1,fault_report,0,P3,2,cok_kisa,relabel:ollama
Enerji kesintisi peron 2,elektrik_enerji,1,fault_report,0,P2,1,cok_kisa,relabel:ollama
UPS bypas modunda,elektrik_enerji,1,fault_report,0,P3,2,cok_kisa,relabel:ollama
Peron aydınlatması yarım yandı akşam Yenikapı,elektrik_enerji,1,fault_report,0,P4,3,devrik,relabel:ollama
Hızlandırılmalı trafo bakım periyotları Kadıköy.,elektrik_enerji,1,suggestion,4,P4,3,devrik,relabel:ollama
Göztepe istasyonunda elektrik panosu üzerindeki kontaktör sürekli atıyor.,elektrik_enerji,1,fault_report,0,P3,2,standart,relabel:ollama
Esenler istasyonu trafo merkezindeki ısınma sorunu için harici soğutma sistemi kurulmasını teklif ediyorum.,elektrik_enerji,1,suggestion,4,P4,3,standart,relabel:ollama
Şişli istasyonunda UPS bateri grubu düşük voltaj alarmı verdi.,elektrik_enerji,1,fault_report,0,P3,2,standart,relabel:ollama
Pano 4 termal kamera eklenmeli.,elektrik_enerji,1,suggestion,4,P4,3,cok_kisa,relabel:ollama
tünel agzı aydınlatma az güvenlik riski var,elektrik_enerji,1,fault_report,0,P3,2,yazim_yanlisi,relabel:ollama
Ana(transformatör) soğutma fanı dönmüyor sesi,elektrik_enerji,1,fault_report,0,P3,2,devrik,relabel:ollama
Sanayi Mahallesi istasyonunda UPS baypas moduna düşmüş log kaydedildi.,elektrik_enerji,1,fault_report,0,P3,2,standart,relabel:ollama
gayrettepe koridor ups batarya sarj tutmuyor,elektrik_enerji,1,fault_report,0,P3,2,yazim_yanlisi,relabel:ollama
Levent istasyonunda acil aydınlatma bataryaları şarj olmuyor değiştirilecek.,elektrik_enerji,1,fault_report,0,P3,2,standart,relabel:ollama
Jeneratör soğutma suyu kayboldu,elektrik_enerji,1,fault_report,0,P3,2,devrik,relabel:ollama
sisli bilet holu electrik panosu sigortasi cikti,elektrik_enerji,1,fault_report,0,P3,2,yazim_yanlisi,relabel:ollama
dudullu uks jenrator baslama motoru calismiyo,elektrik_enerji,1,fault_report,0,P3,2,yazim_yanlisi,relabel:ollama
UPS invertör hata kodu verdi,elektrik_enerji,1,fault_report,0,P3,2,devrik,relabel:ollama
haciosman makas bolgesinde kivilcim saciliyo acil mudahale lazim.,elektrik_enerji,1,fault_report,0,P1,0,yazim_yanlisi,relabel:ollama
Topkapı jeneratör izolasyon talebi.,elektrik_enerji,1,suggestion,4,P4,3,cok_kisa,relabel:ollama
Çekmeköy istasyonunda peron kenarı aydınlatma kolu kırık kablo görünüyor.,elektrik_enerji,1,fault_report,0,P1,0,standart,relabel:ollama
Gerekli koridorlara hareket sensörlü lamba.,elektrik_enerji,1,suggestion,4,P4,3,devrik,relabel:ollama
Yedek akım panosu contactör takılmıyor,elektrik_enerji,1,fault_report,0,P3,2,devrik,relabel:ollama
Aydınlatma panosu kontaköri takılı kaldı,elektrik_enerji,1,fault_report,0,P3,2,devrik,relabel:ollama
Kartal UPS bataryası değiştirildi,elektrik_enerji,1,fault_report,0,P4,3,cok_kisa,relabel:ollama
Ana dağıtım panosunda sigorta atması oldu Uzunçayır,elektrik_enerji,1,fault_report,0,P3,2,devrik,relabel:ollama
UPS fanları gürültülü çalışıyor sürekli,elektrik_enerji,1,fault_report,0,P4,3,devrik,relabel:ollama
Levent üçüncü ray hatası,elektrik_enerji,1,fault_report,0,P2,1,cok_kisa,relabel:ollama
Jeneratör soğutma suyu basınçsız uyarı,elektrik_enerji,1,fault_report,0,P3,2,devrik,relabel:ollama
Kartal aydınlatma LED dönüşümü.,elektrik_enerji,1,suggestion,4,P4,3,cok_kisa,relabel:ollama
sisli koridor aydinlatmalari sensorlu yapilmali tasarruf icin.,elektrik_enerji,1,suggestion,4,P4,3,yazim_yanlisi,relabel:ollama
uzuncayir kuzey giris jenerator calismiyo acil,elektrik_enerji,1,fault_report,0,P3,2,yazim_yanlisi,relabel:ollama
Pano içi sigorta erimiş bulundu Göztepe,elektrik_enerji,1,fault_report,0,P3,2,devrik,relabel:ollama
yenikapi alt kat katener telleri kopuk,elektrik_enerji,1,fault_report,0,P1,0,yazim_yanlisi,relabel:ollama
Trafoya diferansiyel koruma çalıştı,elektrik_enerji,1,fault_report,0,P3,2,cok_kisa,relabel:ollama
Sultanbeyli istasyonunda jeneratör yakıt seviyesi kritik seviyeye düştü.,elektrik_enerji,1,fault_report,0,P3,2,standart,relabel:ollama
etiler peron katener bakimi sonrasi voltaj gelmedi,elektrik_enerji,1,fault_report,0,P3,2,yazim_yanlisi,relabel:ollama
Gelsin ek aydınlatma asansör önüne.,elektrik_enerji,1,suggestion,4,P4,3,devrik,relabel:ollama
Disjonctör atıldı bilet holü panosu Levent,elektrik_enerji,1,fault_report,0,P3,2,devrik,relabel:ollama
nispetiye bilet holu elektrik kesintisi ups devreye girdi,elektrik_enerji,1,fault_report,0,P3,2,yazim_yanlisi,relabel:ollama
Vagon aydınlatması yanıp sönüyor 5. vagon,arac_tren,2,fault_report,0,P3,2,devrik,relabel:ollama
Vagon aydınlatması tamamen söndü 6. vagon,arac_tren,2,fault_report,0,P3,2,devrik,relabel:ollama
Kabin aydınlatması yanıp sönüyor,arac_tren,2,fault_report,0,P3,2,devrik,relabel:ollama
ic aydinlatma tamamen sondu 4 nolu vagon,arac_tren,2,fault_report,0,P3,2,yazim_yanlisi,relabel:ollama
Vagon 8 aydınlatma yanıp sönüyor,arac_tren,2,fault_report,0,P3,2,cok_kisa,relabel:ollama
Kabin anons mikrofonu çalişmiyor,arac_tren,2,fault_report,0,P3,2,devrik,relabel:ollama
makinist kabini anons mikrofoni ciziyo,arac_tren,2,fault_report,0,P3,2,yazim_yanlisi,relabel:ollama
Makinist kabini anons mikrofonu çalişmiyor,arac_tren,2,fault_report,0,P3,2,devrik,relabel:gemini
Şişhane istasyonunda 4 numaralı vagon kapı/kilit ibaresi yanmıyor.,arac_tren,2,fault_report,0,P3,2,standart,relabel:ollama
Şişhane istasyonunda 4 numaralı vagon sol kapı açılmıyor.,arac_tren,2,fault_report,0,P3,2,standart,relabel:ollama
Levent istasyonunda 5 numaralı vagon sağ kapı açılmıyor.,arac_tren,2,fault_report,0,P1,0,standart,relabel:ollama
Vagon 1 kapı arızalı,arac_tren,2,fault_report,0,P3,2,cok_kisa,relabel:ollama
Vagon 11 çeker arızalı,arac_tren,2,fault_report,0,P3,2,cok_kisa,relabel:ollama
Vagon 3 kapı arızalı,arac_tren,2,fault_report,0,P3,2,cok_kisa,relabel:gemini
Fren basıncı yükselmiyor 4. vagon,arac_tren,2,fault_report,0,P1,0,devrik,relabel:ollama
Vagon 14 fren basıncı düşük,arac_tren,2,fault_report,0,P1,0,cok_kisa,relabel:ollama
Fren basıncı düşük 4. vagon,arac_tren,2,fault_report,0,P2,1,devrik,relabel:gemini
Kapı arası sıkışma sensörü hatalı,arac_tren,2,fault_report,0,P1,0,devrik,relabel:ollama
Kapı arası sıkışma,arac_tren,2,fault_report,0,P1,0,cok_kisa,relabel:ollama
Vagon 35 ışık loş yanıyor,arac_tren,2,fault_report,0,P3,2,cok_kisa,relabel:ollama
Vagon 6 ışık yanmıyor,arac_tren,2,fault_report,0,P3,2,cok_kisa,relabel:ollama
Yenikapı başlangıçlı seferde 5 nolu vagon kapısı takılıyor.,arac_tren,2,fault_report,0,P3,2,standart,relabel:ollama
Yenikapı başlangıçlı seferde 1 nolu vagon freni sürtünme yapıyor.,arac_tren,2,fault_report,0,P1,0,standart,relabel:ollama
Vagon 22 tekerlek şırıtıyor,arac_tren,2,fault_report,0,P3,2,cok_kisa,relabel:ollama
Vagon 8 tekerlek titreşiyor,arac_tren,2,fault_report,0,P3,2,cok_kisa,relabel:ollama
vagon ic klimasi calismiyo 5 nolu vagon,arac_tren,2,fault_report,0,P3,2,yazim_yanlisi,relabel:ollama
vagon ic aydinlatma calismiyo 3 nolu vagon,arac_tren,2,fault_report,0,P3,2,yazim_yanlisi,relabel:gemini
Vagon 2 klima bozuk,arac_tren,2,fault_report,0,P3,2,cok_kisa,relabel:ollama
Vagon 5 klima bozuk,arac_tren,2,fault_report,0,P3,2,cok_kisa,relabel:gemini
Vagon kapısı kapanmıyor 3. vagon,arac_tren,2,fault_report,0,P3,2,devrik,relabel:ollama
Vagon kapısı açılmıyor 2. vagon,arac_tren,2,fault_report,0,P3,2,devrik,relabel:gemini
Çeker motoru yağı döküyor 1. vagon,arac_tren,2,fault_report,0,P3,2,devrik,relabel:ollama
Çeker motoru ansızın durdu 1. vagon,arac_tren,2,fault_report,0,P2,1,devrik,relabel:ollama
Ne zaman düzelir tren kapı arızası?,arac_tren,2,information_request,2,P1,0,devrik,relabel:ollama
Tren kapı arızası ne zaman?,arac_tren,2,information_request,2,P1,0,cok_kisa,relabel:ollama
Makinist kabini kapısı kapanmıyor,arac_tren,2,fault_report,0,P3,2,devrik,relabel:ollama
Makinist kabini masa sallanıyor,arac_tren,2,fault_report,0,P4,3,cok_kisa,relabel:ollama
Kozyatağı yönlü trende 6 numaralı vagon yer ısıtması açık.,arac_tren,2,fault_report,0,P3,2,standart,relabel:ollama
Şişli-Mecidiyeköy istasyonunda 3 nolu vagon klima üflemüyor.,arac_tren,2,fault_report,0,P3,2,standart,relabel:ollama
Vagon 9 kapı kilitlenmiyor,arac_tren,2,fault_report,0,P1,0,cok_kisa,relabel:ollama
Göztepe istasyonunda 1 nolu vagondaki sol kapı takılı kalıyor.,arac_tren,2,fault_report,0,P3,2,standart,relabel:ollama
Zeytinburnu başlangıçlı seferde 2 nolu vagon kapı kovası sökülmüş.,arac_tren,2,fault_report,0,P3,2,standart,relabel:ollama
Vagon 24 ışık tamamen söndü,arac_tren,2,fault_report,0,P3,2,cok_kisa,relabel:ollama
Yenibosna yönlü trende 6 numaralı vagon freni gecikmeli basıyor.,arac_tren,2,fault_report,0,P1,0,standart,relabel:ollama
Haliç yönlü trende 5 numaralı vagon yolcu sayma sensörü hatalı.,arac_tren,2,fault_report,0,P3,2,standart,relabel:ollama
Ne yapılacak kırık koltuk için 2. vagon?,arac_tren,2,information_request,2,P3,2,devrik,relabel:ollama
makinist koltugu yukari inmiyo ayar bozuk,arac_tren,2,fault_report,0,P4,3,yazim_yanlisi,relabel:ollama
makinist masasindaki ekran dondu,arac_tren,2,fault_report,0,P3,2,yazim_yanlisi,relabel:ollama
Vagon 26 tekerlek patladı,arac_tren,2,fault_report,0,P1,0,cok_kisa,relabel:ollama
fren basinci dusuk alarm verdi 2 nolu tren,arac_tren,2,fault_report,0,P1,0,yazim_yanlisi,relabel:ollama
Gayrettepe istasyonunda 1 numaralı vagon tekerlekten titreme var.,arac_tren,2,fault_report,0,P3,2,standart,relabel:ollama
Topkapı hattındaki araçta hissedilen yanık kokusuyla ilgili makinistten detaylı bir rapor istendi mi?,arac_tren,2,information_request,2,P1,0,standart,relabel:ollama
Vagon 17 kapı acil emergent,arac_tren,2,fault_report,0,P1,0,cok_kisa,relabel:ollama
Tren anonsu düzeldi mi?,arac_tren,2,information_request,2,P3,2,cok_kisa,relabel:ollama
Vagon 14 ısıtma çalışmıyor,arac_tren,2,fault_report,0,P3,2,cok_kisa,relabel:ollama
M2-04 kodlu tren içerisinde yolcuların acil durum iletişim butonuna basması üzerine ses iletimi gerçekleşmemektedir.,arac_tren,2,fault_report,0,P1,0,standart,relabel:ollama
frenlerle tirmaniyo irtifa farkinda,arac_tren,2,fault_report,0,P1,0,yazim_yanlisi,relabel:ollama
Kabin masaüstü ekran dondu,arac_tren,2,fault_report,0,P3,2,devrik,relabel:ollama
Vagon 28 fren çarpar,arac_tren,2,fault_report,0,P3,2,cok_kisa,relabel:ollama
vagon klimasi calismiyo soguk buz gibi,arac_tren,2,fault_report,0,P3,2,yazim_yanlisi,relabel:ollama
"Tren içi ekranın yarısı beyaz görünüyor, panel çatlamış durak isimleri belli olmuyor.",arac_tren,2,fault_report,0,P3,2,,manuel_hedefli:hard_negative_sinyalizasyon_yolcu
Fren tetiklemiyor acil fren devreye,arac_tren,2,fault_report,0,P1,0,devrik,relabel:ollama
Vagon 31 klima fanı sessiz,arac_tren,2,fault_report,0,P3,2,cok_kisa,relabel:ollama
Şirinevler yönlü trende 5 numaralı vagon kapı kumandaları tepki vermiyor.,arac_tren,2,fault_report,0,P2,1,standart,relabel:ollama
cekis motoru guvenlik relesi atiyo,arac_tren,2,fault_report,0,P3,2,yazim_yanlisi,relabel:ollama
frenleme aninda vagon saga cekiliyo 2 tren,arac_tren,2,fault_report,0,P1,0,yazim_yanlisi,relabel:ollama
Vagon 32 fren balatası bitmiş,arac_tren,2,fault_report,0,P3,2,cok_kisa,relabel:ollama
Vagon 13 klima soğutmuyor,arac_tren,2,fault_report,0,P3,2,cok_kisa,relabel:ollama
Atatürk Oto Sanayi yönlü trende 4 nolu vagon anonsu ses vermiyor.,arac_tren,2,fault_report,0,P3,2,standart,relabel:ollama
M4 hattı treninde acil durum imdat freni kolunun mühürsüz olduğu tespit edilmiştir.,arac_tren,2,fault_report,0,P1,0,standart,relabel:ollama
Tekerlekten duman çıkıyor 3. vagon,arac_tren,2,incident_report,1,P1,0,devrik,relabel:ollama
Fren basınç manometresi sıfır gösteriyor,arac_tren,2,fault_report,0,P1,0,devrik,relabel:ollama
Sabah vardiyası 112 seferi makinist kabini camı çatlak.,arac_tren,2,fault_report,0,P4,3,standart,relabel:ollama
4. Levent istasyonunda 5 numaralı vagon kapı emniyet pimi takılı.,arac_tren,2,fault_report,0,P3,2,standart,relabel:ollama
Kartal yönlü trende 2 numaralı vagon motor sesi yüksek.,arac_tren,2,fault_report,0,P3,2,standart,relabel:ollama
vagon sasi altinda yag dokuyo,arac_tren,2,fault_report,0,P3,2,yazim_yanlisi,relabel:ollama
vagon klimasi sadece fan donduruyo,arac_tren,2,fault_report,0,P3,2,yazim_yanlisi,relabel:ollama
koltuklari dikey konuma getirmiyo,arac_tren,2,fault_report,0,P3,2,yazim_yanlisi,relabel:ollama
Davutpaşa yönlü trende 4 numaralı vagon tekerlekten duman çıkıyor.,arac_tren,2,fault_report,0,P1,0,standart,relabel:ollama
acil fren cekildi ama durmadi,arac_tren,2,fault_report,0,P1,0,yazim_yanlisi,relabel:ollama
Osmangazi istasyonunda 1 nolu vagondaki yangın söndürücüsü eksik.,arac_tren,2,fault_report,0,P1,0,standart,relabel:ollama
Vagon 10 fren gecikiyor,arac_tren,2,fault_report,0,P3,2,cok_kisa,relabel:ollama
Şişli'den giden 205 seferi 3 numaralı vagon ısıtmıyor.,arac_tren,2,fault_report,0,P3,2,standart,relabel:ollama
Vagon kapısı kilitlemiyor güvenlik riski,arac_tren,2,fault_report,0,P1,0,devrik,relabel:ollama
Vagon 37 tekerlek yatak arızalı,arac_tren,2,fault_report,0,P3,2,cok_kisa,relabel:ollama
fren yastigi asindigi belli,arac_tren,2,fault_report,0,P3,2,yazim_yanlisi,relabel:ollama
Kabin masa paneli karardı YM-03,arac_tren,2,fault_report,0,P3,2,devrik,relabel:ollama
Vagon 7 anons bozuk,arac_tren,2,fault_report,0,P3,2,cok_kisa,relabel:ollama
Üsküdar istasyonuna yaklaşan araçtaki fren gıcırtısı için bu akşam servis sonunda bir bakım planlanıyor mu?,arac_tren,2,information_request,2,P3,2,standart,relabel:ollama
Mecidiyeköy'den ayrılan 205 sefer makinist masa lambası yanmıyor.,arac_tren,2,fault_report,0,P3,2,standart,relabel:ollama
vagon ici aydinlatma yarim yaniyo,arac_tren,2,fault_report,0,P3,2,yazim_yanlisi,relabel:ollama
Kirazlı hattındaki trenlerin anons sistemi arızası hakkında teknik ekipten bir geri dönüş geldi mi?,arac_tren,2,information_request,2,P3,2,standart,relabel:ollama
Gelecek mi teknik ekip tren kliması?,arac_tren,2,information_request,2,P3,2,devrik,relabel:ollama
Kabin korna sesi çıkarmıyor,arac_tren,2,fault_report,0,P3,2,devrik,relabel:ollama
Vagon 36 anons parazitli,arac_tren,2,fault_report,0,P3,2,cok_kisa,relabel:ollama
Vagon kapısı yarım kalıyor kapatmıyor,arac_tren,2,fault_report,0,P3,2,devrik,relabel:ollama
Vagon 18 anons sessiz,arac_tren,2,fault_report,0,P3,2,cok_kisa,relabel:ollama
Vagon 33 motor titreşiyor,arac_tren,2,fault_report,0,P3,2,cok_kisa,relabel:ollama
Levent istasyonunda 6 nolu vagon yolcu alarmı çalışıyor.,arac_tren,2,fault_report,0,P3,2,standart,relabel:ollama
Fren derhal basılmıyor gecikmeli,arac_tren,2,fault_report,0,P1,0,devrik,relabel:ollama
makinist kabini pencere cami cizik,arac_tren,2,fault_report,0,P4,3,yazim_yanlisi,relabel:ollama
Ne zaman tamir edilir vagon 4 kapısı acil?,arac_tren,2,information_request,2,P1,0,devrik,relabel:ollama
Vagon climatizör filtresi tıkalı pis,arac_tren,2,fault_report,0,P3,2,devrik,relabel:ollama
vagon kapi sensoru algilamiyo,arac_tren,2,fault_report,0,P1,0,yazim_yanlisi,relabel:ollama
Tekerlek ray tutunması zayıf 4. vagon,arac_tren,2,fault_report,0,P1,0,devrik,relabel:ollama
"Makinist kabininin kapısı arızalanmış, tren kapıları kontrol edemediği için sefer gecikiyor.",arac_tren,2,fault_report,0,P2,1,,manuel_hedefli:hard_negative_kapi
Fren basıncı düşüyor 205 sefer,arac_tren,2,fault_report,0,P1,0,devrik,relabel:ollama
Vagon 24 sandalye dibi kırık,arac_tren,2,fault_report,0,P4,3,cok_kisa,relabel:ollama
"Yenikapı yönüne giden trenin 3. vagonundaki klima ne zaman tamir edilecek, içerisi çok sıcak oldu?",arac_tren,2,information_request,2,P3,2,standart,relabel:ollama
Vagon 34 koltuk life takılı,arac_tren,2,fault_report,0,P4,3,cok_kisa,relabel:ollama
Vagon 4 motor sesli,arac_tren,2,fault_report,0,P3,2,cok_kisa,relabel:ollama
makinist kabini fren manivelasi tikaniyo,arac_tren,2,fault_report,0,P2,1,yazim_yanlisi,relabel:gemini
Merter istasyonunda 3 nolu vagon makinist kanepesi kırık.,arac_tren,2,fault_report,0,P3,2,standart,relabel:ollama
tekerlekten tikirdak sesi artiyo 1. vagon,arac_tren,2,fault_report,0,P3,2,yazim_yanlisi,relabel:ollama
frenlerden gelen ses icin bakim yapildimi ogrenmek istiyoruz.,arac_tren,2,information_request,2,P3,2,yazim_yanlisi,relabel:ollama
"M2 hattı Hacıosman yönündeki trenin vagon içi anonsları ne zaman düzelecek, bilgi alabilir miyim?",arac_tren,2,information_request,2,P3,2,standart,relabel:ollama
Kapı acil açma kolu çekiği kırık,arac_tren,2,fault_report,0,P1,0,devrik,relabel:ollama
Vezneciler yönlü trenin vagon camındaki çatlak için ne zaman acil müdahale ekibi yönlendireceksiniz?,arac_tren,2,information_request,2,P3,2,standart,relabel:ollama
Osmanbey yönlü trende 2 numaralı vagon vagon arası geçiş kapalı.,arac_tren,2,fault_report,0,P2,1,standart,relabel:ollama
Vagon 25 anons kesintili,arac_tren,2,fault_report,0,P3,2,cok_kisa,relabel:ollama
Bahçelievler istasyonunda 1 nolu vagon yükümlülük tabelası yanmıyor.,arac_tren,2,fault_report,0,P3,2,standart,relabel:ollama
ceker motorunden yakit boku geliyo 3 vagon,arac_tren,2,fault_report,0,P1,0,yazim_yanlisi,relabel:ollama
Atatürk Oto Sanayi yönlü trende 3 nolu vagon koltukları yırtık.,arac_tren,2,fault_report,0,P4,3,standart,relabel:ollama
tekerlek yassi Yankeesleme var 6 nolu vagonda,arac_tren,2,fault_report,0,P3,2,yazim_yanlisi,relabel:ollama
Vagon 22 motor durdu,arac_tren,2,fault_report,0,P2,1,cok_kisa,relabel:ollama
vagon kapi acilma suresi uzaldi,arac_tren,2,fault_report,0,P3,2,yazim_yanlisi,relabel:ollama
"Seyir halindeki trenin kapı camı boydan boya çatlamış, tünelde giderken kırılacak diye korktuk.",arac_tren,2,fault_report,0,P3,2,,manuel_hedefli:hard_negative_kapi
Kabin saati durmuş saat ayarı,arac_tren,2,fault_report,0,P4,3,devrik,relabel:ollama
vagon ici ekranlar calismiyo teknik ekip nezaman bakicak?,arac_tren,2,information_request,2,P3,2,yazim_yanlisi,relabel:ollama
koltuk altindan ses geliyo 2. vagonda,arac_tren,2,fault_report,0,P3,2,yazim_yanlisi,relabel:ollama
Gayrettepe başlangıçlı seferde 1 nolu vagon motor koruma devreye girdi.,arac_tren,2,fault_report,0,P2,1,standart,relabel:ollama
Kapi kapatilamadi gecikme,arac_tren,2,fault_report,0,P1,0,cok_kisa,relabel:ollama
Ayrılık Çeşmesi peronunda yolcu baskısı nedeniyle kapılar kapatılamamıştır.,arac_tren,2,fault_report,0,P3,2,standart,relabel:ollama
"Tren geldi durdu, peronun kapıları açıldı ama bizim vagonun kendi kapısı kilitli kaldı inemedik.",arac_tren,2,fault_report,0,P3,2,,manuel_hedefli:hard_negative_kapi
M4 hattı 12 numaralı trende bulunan yangın söndürücünün muhafaza kutusu kapağı yerinden çıkmıştır.,arac_tren,2,fault_report,0,P3,2,standart,relabel:ollama
Vagon 19 tekerlek çizik,arac_tren,2,fault_report,0,P3,2,cok_kisa,relabel:ollama
taciz vakalari icin vagonlara acil yardim butonu eklenmeli.,arac_tren,2,suggestion,4,P4,3,yazim_yanlisi,relabel:ollama
Makinist kabini radyo iletişim kesik,arac_tren,2,fault_report,0,P3,2,devrik,relabel:ollama
Huzurevi yönlü trende 5 numaralı vagon camı çatlaklı durumda.,arac_tren,2,fault_report,0,P3,2,standart,relabel:ollama
Yenisahra istasyonunda 3 nolu vagon tuvalet kapısı kilitlenmiyor.,arac_tren,2,fault_report,0,P3,2,standart,relabel:ollama
Vezneciler istasyonunda 1 nolu vagon acil iletişim butonu çalışmıyor.,arac_tren,2,fault_report,0,P1,0,standart,relabel:ollama
Levent yönlü trende 6 numaralı vagon fren basıncı düşük.,arac_tren,2,fault_report,0,P1,0,standart,relabel:ollama
vagon kapi lastigi sökülmüs duruyo,arac_tren,2,fault_report,0,P3,2,yazim_yanlisi,relabel:ollama
İTÜ-Ayazağa istasyonunda 4 numaralı vagon yolcu alarmı kendiliğinden çaldı.,arac_tren,2,fault_report,0,P3,2,standart,relabel:ollama
3 nolu vagondaki kapi kilitlenmiyo,arac_tren,2,fault_report,0,P1,0,yazim_yanlisi,relabel:ollama
Karaköy istasyonunda 1 nolu vagon makinist kabini kapısı kapanmıyor.,arac_tren,2,fault_report,0,P3,2,standart,relabel:ollama
vagon icindeki yolcu anozu bozuk,arac_tren,2,fault_report,0,P3,2,yazim_yanlisi,relabel:ollama
Mecidiyeköy istasyonunda 3 numaralı vagondaki kapı kapanmıyor.,arac_tren,2,fault_report,0,P1,0,standart,relabel:ollama
Vagon 15 motor yanıyor,arac_tren,2,incident_report,1,P1,0,cok_kisa,relabel:ollama
Vagon kliması soğutmuyor 4. vagon,arac_tren,2,fault_report,0,P3,2,devrik,relabel:ollama
kapilar otomatic kilitlenmiyo peron tarafi 8 vagon,arac_tren,2,fault_report,0,P1,0,yazim_yanlisi,relabel:ollama
Tekerlekten anormal titreme var 2. vagon,arac_tren,2,fault_report,0,P3,2,devrik,relabel:ollama
Vagon 3 fren takılıyor,arac_tren,2,fault_report,0,P3,2,cok_kisa,relabel:ollama
Vagon 16 koltuk döşeme söküldü,arac_tren,2,fault_report,0,P4,3,cok_kisa,relabel:ollama
Vagon acil pencere açılmaz oldum,arac_tren,2,fault_report,0,P1,0,devrik,relabel:ollama
Taksim'den giden 304 sefer makinist kabini camı buzlanıyor.,arac_tren,2,fault_report,0,P3,2,standart,relabel:ollama
Çeker motoru sesi geliyor 1. vagon,arac_tren,2,fault_report,0,P3,2,devrik,relabel:ollama
Vagon 30 kapı sensör hatası,arac_tren,2,fault_report,0,P3,2,cok_kisa,relabel:ollama
Kadıköy yönlü trende 2 numaralı vagon klima çalışmıyor.,arac_tren,2,fault_report,0,P3,2,standart,relabel:ollama
Vagon kapısı açılmıyor Şişhane peronu,arac_tren,2,fault_report,0,P3,2,devrik,relabel:ollama
Vagon 3 anons mikrofon bozuk,arac_tren,2,fault_report,0,P3,2,cok_kisa,relabel:ollama
Vagon 23 klima ısınmıyor,arac_tren,2,fault_report,0,P3,2,cok_kisa,relabel:ollama
Makinist kabini direksiyon sert,arac_tren,2,fault_report,0,P3,2,cok_kisa,relabel:ollama
Makinist kabini anonsu cızırtı veriyor,arac_tren,2,fault_report,0,P3,2,devrik,relabel:ollama
hvac sistemi sogutmuyo vagon cok sicak nezaman duzelir?,arac_tren,2,information_request,2,P3,2,yazim_yanlisi,relabel:ollama
Motor aşırı ısınma uyarısı 1. vagon,arac_tren,2,fault_report,0,P1,0,devrik,relabel:ollama
ic aydinlatma ledleri parildayio,arac_tren,2,fault_report,0,P4,3,yazim_yanlisi,relabel:ollama
Vagon 12 kapı sensörü bozuldu,arac_tren,2,fault_report,0,P3,2,cok_kisa,relabel:ollama
vagon ici yangin sensörü uyari veriyo,arac_tren,2,fault_report,0,P3,2,yazim_yanlisi,relabel:ollama
yolcu anons mikrofonu ses vermiyo 4 vagonda,arac_tren,2,fault_report,0,P3,2,yazim_yanlisi,relabel:ollama
Vagon içi harita ekranı karanlık,arac_tren,2,fault_report,0,P3,2,devrik,relabel:ollama
Makinist kabini anons bozuk,arac_tren,2,fault_report,0,P3,2,cok_kisa,relabel:gemini
Uzunçayır yönlü trende 1 numaralı vagon freni basınçsız.,arac_tren,2,fault_report,0,P1,0,standart,relabel:ollama
makinist fren manivela gec kaliyo,arac_tren,2,fault_report,0,P1,0,yazim_yanlisi,relabel:ollama
Vagon 7 kapı kapanmıyor,arac_tren,2,fault_report,0,P3,2,cok_kisa,relabel:ollama
Üsküdar'dan giden 112 sefer makinist kabini klima bozuk.,arac_tren,2,fault_report,0,P3,2,standart,relabel:ollama
Vagon 20 kapı açılmıyor,arac_tren,2,fault_report,0,P3,2,cok_kisa,relabel:ollama
Bilgi var mı vagon ekranları hakkında?,arac_tren,2,information_request,2,P3,2,devrik,relabel:ollama
Bostancı yönlü trende 4 numaralı vagon ışıkları yanıp sönüyor.,arac_tren,2,fault_report,0,P3,2,standart,relabel:ollama
Vagon koltuğu kırık yerleşim bozuk,arac_tren,2,fault_report,0,P4,3,devrik,relabel:ollama
Seferdeki trenin ekranlarındaki görüntü donması sorunu servis başlangıcından beri neden bir türlü düzelmedi?,arac_tren,2,complaint,3,P3,2,standart,relabel:ollama
Dudullu başlangıçlı seferde makinist fren kolu sertleşmiş durumda.,arac_tren,2,fault_report,0,P1,0,standart,relabel:ollama
Vagon 21 fren kontaklı,arac_tren,2,fault_report,0,P3,2,cok_kisa,relabel:ollama
vagon kapi acilmiyo 1 numarali vagonda,arac_tren,2,fault_report,0,P3,2,yazim_yanlisi,relabel:gemini
Motor kesintili çalışıyor 205 sefer,arac_tren,2,fault_report,0,P3,2,devrik,relabel:ollama
"Şişli istasyonundaki trende oluşan duman kokusuna müdahale edildi mi, seferler güvenli şekilde devam ediyor mu?",arac_tren,2,information_request,2,P1,0,standart,relabel:ollama
Fren sesi bakım ne zaman?,arac_tren,2,information_request,2,P3,2,cok_kisa,relabel:ollama
"Tavşantepe hattında bindiğimiz vagonun klimalarının hiçbirisi devrede değil, içerisi havasızlıktan hamam gibi oldu fenalaşanlar var.",arac_tren,2,fault_report,0,P2,1,,manuel_hedefli:p2_dolayli_cogulluk
Aksaray yönlü trende 6 numaralı vagon dinamik fren arızalı.,arac_tren,2,fault_report,0,P1,0,standart,relabel:ollama
vagon ucu yanimda cizgili ciziyo,arac_tren,2,fault_report,0,P3,2,yazim_yanlisi,relabel:ollama
Esenkent istasyonunda 2 nolu vagon kapı arası sıkışma sensörü uyardı.,arac_tren,2,fault_report,0,P3,2,standart,relabel:ollama
Araç ekranı bilgi talebi.,arac_tren,2,information_request,2,P3,2,cok_kisa,relabel:ollama
Vagon 27 kapı sıkışıyor,arac_tren,2,fault_report,0,P3,2,cok_kisa,relabel:ollama
Vagon kliması ısıtma modunda kalıyor,arac_tren,2,fault_report,0,P3,2,devrik,relabel:ollama
motor surucusu hata kodu veriyo,arac_tren,2,fault_report,0,P3,2,yazim_yanlisi,relabel:ollama
uzuncayir scada baglantisi kopmus veri gelmiyor merkez,sinyalizasyon_haberlesme,3,fault_report,0,P3,2,yazim_yanlisi,relabel:ollama
Sunucu bağlantısı kopdu veri gelmiyor merkeze,sinyalizasyon_haberlesme,3,fault_report,0,P3,2,devrik,relabel:ollama
scada baglantisi kopmus veri yok merkezde,sinyalizasyon_haberlesme,3,fault_report,0,P2,1,yazim_yanlisi,relabel:gemini
peron kapisi yavas aciliyo dort levent,sinyalizasyon_haberlesme,3,fault_report,0,P3,2,yazim_yanlisi,relabel:ollama
peron kapisi acilma gecikiyo dort levent,sinyalizasyon_haberlesme,3,fault_report,0,P3,2,yazim_yanlisi,relabel:ollama
Telsiz bataryası şarj olmuyor.,sinyalizasyon_haberlesme,3,fault_report,0,P3,2,cok_kisa,relabel:ollama
Telsiz bataryası şarj tutmuyor,sinyalizasyon_haberlesme,3,fault_report,0,P3,2,cok_kisa,relabel:ollama
Ağ kesintisi SCADA erişilemiyor merkezi,sinyalizasyon_haberlesme,3,fault_report,0,P3,2,devrik,relabel:ollama
"Ağ kesintisi, SCADA arayüzü erişilemiyor merkezi.",sinyalizasyon_haberlesme,3,fault_report,0,P2,1,devrik,relabel:gemini
peron kapisi acilmiyor levent hat,sinyalizasyon_haberlesme,3,fault_report,0,P3,2,yazim_yanlisi,relabel:ollama
peron kapisi acilmiyor yenisahra,sinyalizasyon_haberlesme,3,fault_report,0,P2,1,yazim_yanlisi,relabel:gemini
Şişli-Mecidiyeköy 4 numaralı peron kapısı PSD kilitlemiyor sefer güvenliği riske giriyor.,sinyalizasyon_haberlesme,3,fault_report,0,P1,0,standart,relabel:ollama
"Şişli-Mecidiyeköy hatta 4 numaralı peron kapısı (PSD) kilitlemiyor, sefer güvenliği riske giriyor.",sinyalizasyon_haberlesme,3,fault_report,0,P1,0,standart,relabel:gemini
"Turnike girişindeki yolcu sayım sensörü kopmuş sarkıyor, bilgi veremez o cihaz.",sinyalizasyon_haberlesme,3,fault_report,0,P3,2,,manuel_hedefli:hard_negative_sinyalizasyon_yolcu
psd 05 kilit hata veriyo maltepe,sinyalizasyon_haberlesme,3,fault_report,0,P3,2,yazim_yanlisi,relabel:ollama
Asansör önü kamera görüntüsü karıncalı.,sinyalizasyon_haberlesme,3,fault_report,0,P3,2,cok_kisa,relabel:ollama
Çalışmıyor telsiz kanalı Gayrettepe,sinyalizasyon_haberlesme,3,fault_report,0,P3,2,devrik,relabel:ollama
"Zincirlikuyu metrobüs bağlantısındaki anons cihazlarının bütünü sustu, gecikmeler hakkında yolcuya bilgi verilemiyor.",sinyalizasyon_haberlesme,3,fault_report,0,P2,1,,manuel_hedefli:p2_dolayli_cogulluk
Yangın sensörü arızalı,sinyalizasyon_haberlesme,3,fault_report,0,P2,1,cok_kisa,relabel:gemini
Üsküdar bilet holü kamera açısı bozuk,sinyalizasyon_haberlesme,3,fault_report,0,P3,2,cok_kisa,relabel:ollama
Acıbadem bilet holünde duman sensoru uyarı veriyor,sinyalizasyon_haberlesme,3,fault_report,0,P1,0,yazim_yanlisi,relabel:ollama
SCADA alarm gelmiyor ağ sorunu şüphesi,sinyalizasyon_haberlesme,3,fault_report,0,P3,2,devrik,relabel:ollama
Kontrol edildi mi araç içi duman sensörü?,sinyalizasyon_haberlesme,3,information_request,2,P3,2,devrik,relabel:ollama
Sökülmüş CCTV kamerasının yön ayar vidası Ayrılık Çeşmesi'nde.,sinyalizasyon_haberlesme,3,fault_report,0,P3,2,devrik,relabel:ollama
"Perondaki bilgilendirme ekranı kapkaranlık, elektrik gelmiyor herhalde hiçbir şey yazmıyor.",sinyalizasyon_haberlesme,3,fault_report,0,P3,2,,manuel_hedefli:hard_negative_sinyalizasyon_yolcu
Peron kapısı gecikmeyle açılıyor Göztepe,sinyalizasyon_haberlesme,3,fault_report,0,P3,2,devrik,relabel:ollama
Levent istasyonu tünel ağzında görevli personelin telsiz bataryasının bittiği bildirilmiştir.,sinyalizasyon_haberlesme,3,fault_report,0,P3,2,standart,relabel:ollama
"Dudullu depo SCADA istasyonu PLC verisi okumuyor, zaman aşımı.",sinyalizasyon_haberlesme,3,fault_report,0,P2,1,standart,relabel:ollama
Ötmüyor acil ihbar butonu BSO-02 panosu girişinde.,sinyalizasyon_haberlesme,3,fault_report,0,P1,0,devrik,relabel:ollama
bagcilar peron 1 yardim butonu basilmiyo yay icine gocmus,sinyalizasyon_haberlesme,3,fault_report,0,P1,0,yazim_yanlisi,relabel:ollama
Görünmüyor peron sonu CCTV-04 kamerasında kararma var.,sinyalizasyon_haberlesme,3,fault_report,0,P3,2,devrik,relabel:ollama
"Kirazlı şefliğindeki el telsizlerinin bütünü sinyal kaybı yaşıyor, istasyon içi haberleşme tamamen koptu.",sinyalizasyon_haberlesme,3,fault_report,0,P2,1,,manuel_hedefli:p2_dolayli_cogulluk
"PID ekranlarında 'Sinyal yok' uyarısı var, cihazın kablosu falan koptu herhalde saat yazmıyor.",sinyalizasyon_haberlesme,3,fault_report,0,P3,2,,manuel_hedefli:hard_negative_sinyalizasyon_yolcu
Konulmalı daha çok buton acil durumlar için.,sinyalizasyon_haberlesme,3,suggestion,4,P4,3,devrik,relabel:ollama
Güvenlik telsizi kanal hatası,sinyalizasyon_haberlesme,3,fault_report,0,P3,2,cok_kisa,relabel:ollama
Peron kapısı kapanmıyor,sinyalizasyon_haberlesme,3,fault_report,0,P3,2,cok_kisa,relabel:ollama
Üçüncü ray izolasyon direnci düştü,sinyalizasyon_haberlesme,3,fault_report,0,P3,2,devrik,relabel:ollama
Basamadı yolcu imdat butonuna mekanik arıza var.,sinyalizasyon_haberlesme,3,fault_report,0,P1,0,devrik,relabel:ollama
Göztepe istasyonu peron alanındaki CCTV sisteminde periyodik görüntü kesintileri meydana gelmektedir.,sinyalizasyon_haberlesme,3,fault_report,0,P3,2,standart,relabel:ollama
taksim perondaki panik butonu kapagi yerinden cikmis basilamiyo,sinyalizasyon_haberlesme,3,fault_report,0,P1,0,yazim_yanlisi,relabel:ollama
peron kapisi gec aciyo osmanbey,sinyalizasyon_haberlesme,3,fault_report,0,P3,2,yazim_yanlisi,relabel:ollama
Ağ zaman aşımı hatası,sinyalizasyon_haberlesme,3,fault_report,0,P3,2,cok_kisa,relabel:ollama
Üçüncü ray arka bileşen arızalı,sinyalizasyon_haberlesme,3,fault_report,0,P3,2,cok_kisa,relabel:ollama
ayrilik cesmesi alt peronda acil cagri butonu yankilaniyo ses gitmiyo,sinyalizasyon_haberlesme,3,fault_report,0,P1,0,yazim_yanlisi,relabel:ollama
Çalışmıyor telsizler Şişli güney çıkış,sinyalizasyon_haberlesme,3,fault_report,0,P3,2,devrik,relabel:ollama
Perona acil butonu eklensin.,sinyalizasyon_haberlesme,3,suggestion,4,P4,3,cok_kisa,relabel:ollama
haciosman sunucu baglantisi zaman asimi hata 504,sinyalizasyon_haberlesme,3,fault_report,0,P3,2,yazim_yanlisi,relabel:ollama
"Taksim peronundaki güvenlik kameralarının hepsi aynı anda bağlantı hatası veriyor, izleme merkezine görüntü gitmiyor.",sinyalizasyon_haberlesme,3,fault_report,0,P2,1,,manuel_hedefli:p2_dolayli_cogulluk
Eklensin acil durum butonu her kolona.,sinyalizasyon_haberlesme,3,suggestion,4,P4,3,devrik,relabel:ollama
"Anons hoparlöründen sadece inanılmaz bir cızırtı ve dip ses geliyor, ne söylendiği anlaşılmıyor.",sinyalizasyon_haberlesme,3,fault_report,0,P3,2,,manuel_hedefli:hard_negative_sinyalizasyon_yolcu
"Üsküdar peron PID sunucusu yanıt vermiyor, boş ekran kalıyor.",sinyalizasyon_haberlesme,3,fault_report,0,P3,2,standart,relabel:ollama
SCADA alarm logu eksik,sinyalizasyon_haberlesme,3,fault_report,0,P3,2,cok_kisa,relabel:ollama
SCADA arayüzünde istasyon simgeleri gri görünüyor,sinyalizasyon_haberlesme,3,fault_report,0,P3,2,devrik,relabel:ollama
SCADA alarm paneli dondu yanıt yok,sinyalizasyon_haberlesme,3,fault_report,0,P3,2,devrik,relabel:ollama
Şişhane PID ekranı siyah yanıp sönüyor,sinyalizasyon_haberlesme,3,fault_report,0,P3,2,devrik,relabel:ollama
Ayrılık Çeşmesi istasyonunda CCTV-12 numaralı kameranın yönü değiştiğinden yürüyen merdivenler görüntülenememektedir.,sinyalizasyon_haberlesme,3,fault_report,0,P3,2,standart,relabel:ollama
Bağcılar Meydan istasyonu peron kapısı rayından çıktı kapatma komutuna yanıt vermiyor.,sinyalizasyon_haberlesme,3,fault_report,0,P3,2,standart,relabel:ollama
Telsiz cızırtılı geliyor servis sonunda,sinyalizasyon_haberlesme,3,fault_report,0,P3,2,devrik,relabel:ollama
"Raylarla yolcu arasındaki güvenlik kapısı sensörü bozulmuş, tren gelmeden kendiliğinden açılıyor.",sinyalizasyon_haberlesme,3,fault_report,0,P1,0,,manuel_hedefli:hard_negative_kapi
Yenikapı istasyonunda üçüncü ray voltaj düşüşü alarmı oluştu.,sinyalizasyon_haberlesme,3,fault_report,0,P3,2,standart,relabel:ollama
Beşiktaş istasyonu 2. peron bölgesinde yangın algılama sistemi alarm vermektedir.,sinyalizasyon_haberlesme,3,fault_report,0,P1,0,standart,relabel:ollama
Yolcu sayım yazılımı sıfırlandı veri kaybı,sinyalizasyon_haberlesme,3,fault_report,0,P3,2,devrik,relabel:ollama
psd kapisi kilitlenmiyo mecidiyekoy,sinyalizasyon_haberlesme,3,fault_report,0,P3,2,yazim_yanlisi,relabel:ollama
Görmüyor kör noktayı CCTV-09 kamera pozisyonu hatalı.,sinyalizasyon_haberlesme,3,fault_report,0,P3,2,devrik,relabel:ollama
Yangın ihbar butonu camı kırık,sinyalizasyon_haberlesme,3,fault_report,0,P3,2,cok_kisa,relabel:ollama
Gayrettepe acil yardım butonu kırık,sinyalizasyon_haberlesme,3,fault_report,0,P1,0,cok_kisa,relabel:ollama
Merkezden sefer iptal komutu iletilmedi,sinyalizasyon_haberlesme,3,fault_report,0,P2,1,devrik,relabel:ollama
Bozulmuş sarı çizgi lazer ikaz sistemi 1. peron.,sinyalizasyon_haberlesme,3,fault_report,0,P3,2,devrik,relabel:ollama
Bostancı istasyonu turnike bölgesindeki CAM-04 numaralı kamera görüntüsünde siyah şeritler oluşmaktadır.,sinyalizasyon_haberlesme,3,fault_report,0,P3,2,standart,relabel:ollama
Veri yedekleme başarısız hata logu doldu,sinyalizasyon_haberlesme,3,fault_report,0,P3,2,devrik,relabel:ollama
Telsiz anteni fiziksel olarak kırık,sinyalizasyon_haberlesme,3,fault_report,0,P3,2,cok_kisa,relabel:ollama
Peron ışık sensörü bozuk,sinyalizasyon_haberlesme,3,fault_report,0,P3,2,cok_kisa,relabel:ollama
Yangın paneli kırmızı ışık yanıyor,sinyalizasyon_haberlesme,3,fault_report,0,P3,2,cok_kisa,relabel:ollama
Osmanbey istasyonu güney turnike alanındaki X-ray-02 cihazının kontrol ekranında kararma meydana gelmektedir.,sinyalizasyon_haberlesme,3,fault_report,0,P3,2,standart,relabel:ollama
Mecidiyeköy istasyonu peron 2 hizasında bulunan yangın ihbar butonunun camı kırılmış durumdadır.,sinyalizasyon_haberlesme,3,fault_report,0,P3,2,standart,relabel:ollama
SCADA veri akışı durdu,sinyalizasyon_haberlesme,3,fault_report,0,P3,2,cok_kisa,relabel:ollama
Sanayi Mahallesi istasyonundaki personelin nöbet çizelgelerini görüntülediği ekran fiziksel bir darbe sonucu hasar gördü.,sinyalizasyon_haberlesme,3,fault_report,0,P3,2,standart,relabel:ollama
taksim istasyonu yardim butonu basili kalmis merkeze sinyal dusmuyo,sinyalizasyon_haberlesme,3,fault_report,0,P1,0,yazim_yanlisi,relabel:ollama
gayrettepe peron sari cizgi ihlal ikaz flasoru calismiyo yolcu riski,sinyalizasyon_haberlesme,3,fault_report,0,P1,0,yazim_yanlisi,relabel:ollama
Ağ gecikmesi SCADA verisi geç geliyor,sinyalizasyon_haberlesme,3,fault_report,0,P3,2,devrik,relabel:ollama
Unutulmuş kilitli vaziyette acil kaçış kapısı Mecidiyeköy'de.,sinyalizasyon_haberlesme,3,fault_report,0,P1,0,devrik,relabel:ollama
PSD kapı kilitlenmedi,sinyalizasyon_haberlesme,3,fault_report,0,P2,1,cok_kisa,relabel:gemini
Merkez sunucu erişilemiyor,sinyalizasyon_haberlesme,3,fault_report,0,P3,2,cok_kisa,relabel:ollama
Tünel ağzı kamera lensi kirli,sinyalizasyon_haberlesme,3,fault_report,0,P3,2,cok_kisa,relabel:ollama
Veritabanı senkronizasyon sorunu,sinyalizasyon_haberlesme,3,fault_report,0,P3,2,cok_kisa,relabel:ollama
telsiz bataryasi bitik haberlesme kopuk acil bakilsin,sinyalizasyon_haberlesme,3,fault_report,0,P3,2,yazim_yanlisi,relabel:ollama
Levent tünel ağzındaki katener tellerinin gerginliğini ölçmek amacıyla dijital sensörler kullanılmasını öneriyorum.,sinyalizasyon_haberlesme,3,suggestion,4,P4,3,standart,relabel:ollama
Basılmıyor acil durum butonu perondaki SOS-01 panosunda.,sinyalizasyon_haberlesme,3,fault_report,0,P1,0,devrik,relabel:ollama
Peron ekranı boş gösteriyor zaman doldu,sinyalizasyon_haberlesme,3,fault_report,0,P3,2,devrik,relabel:ollama
Güvenlik telsizi çalışmıyor,sinyalizasyon_haberlesme,3,fault_report,0,P3,2,cok_kisa,relabel:ollama
Zincirlikuyu istasyonu turnike bölgesinde görevli personelin telsiz kanalında parazit mevcuttur.,sinyalizasyon_haberlesme,3,fault_report,0,P3,2,standart,relabel:ollama
Peron kapısı yarı açık kaldı Bostancı,sinyalizasyon_haberlesme,3,fault_report,0,P1,0,devrik,relabel:ollama
Söğütlüçeşme Marmaray peron kapısı PSD kilitleme sinyali gelmiyor makinist uyarıldı.,sinyalizasyon_haberlesme,3,fault_report,0,P3,2,standart,relabel:ollama
"Parseller peron PID ekranı ""Veri yok"" ibaresi sabit duruyor.",sinyalizasyon_haberlesme,3,fault_report,0,P3,2,standart,relabel:ollama
levent alt kat duman detektoru calisiyor acil,sinyalizasyon_haberlesme,3,fault_report,0,P1,0,yazim_yanlisi,relabel:ollama
Görüş yok kamera BSO-02,sinyalizasyon_haberlesme,3,fault_report,0,P3,2,devrik,relabel:ollama
Şişli-Mecidiyeköy'de yangın algılama sensörü test sırasında uyarı verdi.,sinyalizasyon_haberlesme,3,fault_report,0,P3,2,standart,relabel:gemini
PSD sensör algılamıyor,sinyalizasyon_haberlesme,3,fault_report,0,P3,2,cok_kisa,relabel:ollama
PSD acil açma bozuk,sinyalizasyon_haberlesme,3,fault_report,0,P1,0,cok_kisa,relabel:ollama
Telsiz çekmiyor alt kat Şişhane,sinyalizasyon_haberlesme,3,fault_report,0,P3,2,devrik,relabel:ollama
Levent istasyonu ana girişindeki X-ray cihazı çalıştırılmadığı için yolcuların çanta aramaları aksamaktadır.,sinyalizasyon_haberlesme,3,fault_report,0,P3,2,standart,relabel:ollama
Yanıp sönüyor CCTV kamerası görüntü vermiyor üst katta.,sinyalizasyon_haberlesme,3,fault_report,0,P3,2,devrik,relabel:ollama
PSD kilit pini takıldı Çekmeköy,sinyalizasyon_haberlesme,3,fault_report,0,P3,2,devrik,relabel:ollama
Düşmüş yangın tesisat boru basıncı ana kontrol panelinde.,sinyalizasyon_haberlesme,3,fault_report,0,P3,2,devrik,relabel:ollama
Üsküdar istasyonu 1. peronda bulunan acil durum butonu basılmasına rağmen kumanda merkezine sinyal iletmiyor.,sinyalizasyon_haberlesme,3,fault_report,0,P1,0,standart,relabel:ollama
Yenikapı M2 peronunda PSD-08 numaralı kapı tam kapanmadan tren kalkıyor riskli durum.,sinyalizasyon_haberlesme,3,incident_report,1,P1,0,standart,relabel:ollama
Çalışmıyor acil çağrı cihazı peron duvarındaki Otogar'da.,sinyalizasyon_haberlesme,3,fault_report,0,P1,0,devrik,relabel:ollama
kartal istasyon tunel agzindaki kamera goruntusu tamamen siyah geliyo,sinyalizasyon_haberlesme,3,fault_report,0,P3,2,yazim_yanlisi,relabel:ollama
PSD camı çatlaklı,sinyalizasyon_haberlesme,3,fault_report,0,P3,2,cok_kisa,relabel:ollama
merkez sunucu baglantisi yavas veri gecikmeli,sinyalizasyon_haberlesme,3,fault_report,0,P3,2,yazim_yanlisi,relabel:ollama
Levent istasyonu peron kapısı sensörü algılamıyor kapı yolcuya çarptı acil müdahale lazım.,sinyalizasyon_haberlesme,3,incident_report,1,P1,0,standart,relabel:ollama
telsiz mandalı takili kalmıs haberlesme saglanamiyo,sinyalizasyon_haberlesme,3,fault_report,0,P3,2,yazim_yanlisi,relabel:ollama
bogazici uni bso 1 hoparlor sesi yok,sinyalizasyon_haberlesme,3,fault_report,0,P3,2,yazim_yanlisi,relabel:ollama
Ağ paket kaybı yaşanıyor,sinyalizasyon_haberlesme,3,fault_report,0,P3,2,cok_kisa,relabel:ollama
"Levent peron PID ekranları boş, veri akışı yok.",sinyalizasyon_haberlesme,3,fault_report,0,P2,1,standart,relabel:ollama
Atatürk Havalimanı istasyonunda peron aydınlatma sensörü gün ışığında kapanmıyor.,sinyalizasyon_haberlesme,3,fault_report,0,P4,3,standart,relabel:ollama
"Acil durum bilgilendirme panosunun fişi çekilmiş, cihaz enerjisiz kaldığı için çalışmıyor.",sinyalizasyon_haberlesme,3,fault_report,0,P3,2,,manuel_hedefli:hard_negative_sinyalizasyon_yolcu
Personel telsizi ses vermiyor,sinyalizasyon_haberlesme,3,fault_report,0,P3,2,cok_kisa,relabel:ollama
PSD kapak arası boşluk var,sinyalizasyon_haberlesme,3,fault_report,0,P3,2,cok_kisa,relabel:ollama
Kirazlı istasyonu imdat butonu arızalı,sinyalizasyon_haberlesme,3,fault_report,0,P1,0,cok_kisa,relabel:ollama
levent perondaki acil telefon ahizesi kopuk merkeze ulasilamiyo,sinyalizasyon_haberlesme,3,fault_report,0,P1,0,yazim_yanlisi,relabel:ollama
PSD rayı çıkık,sinyalizasyon_haberlesme,3,fault_report,0,P3,2,cok_kisa,relabel:ollama
Görmüyor peronu CCTV-02 kamera açısı kaymış.,sinyalizasyon_haberlesme,3,fault_report,0,P3,2,devrik,relabel:ollama
"Vezneciler peron ayırıcı kapılarının hiçbirisi tren geldiğinde açılmadı, yolcular içeride mahsur kaldı çıkamıyor.",sinyalizasyon_haberlesme,3,fault_report,0,P2,1,,manuel_hedefli:p2_dolayli_cogulluk
kirazli istasyon yonetim odasi yanindaki yangin butonunun koruma cami yok,sinyalizasyon_haberlesme,3,fault_report,0,P3,2,yazim_yanlisi,relabel:ollama
Çalışmıyor acil durum butonu Vezneciler peronda.,sinyalizasyon_haberlesme,3,fault_report,0,P1,0,devrik,relabel:ollama
yenikapi peron 3 sari cizgi sensoru surekli yanlis alarm veriyo,sinyalizasyon_haberlesme,3,fault_report,0,P3,2,yazim_yanlisi,relabel:ollama
psd kapi yarim acildi kadikoy peron,sinyalizasyon_haberlesme,3,fault_report,0,P3,2,yazim_yanlisi,relabel:ollama
Şirinevler PSD-04 açılamıyor,sinyalizasyon_haberlesme,3,fault_report,0,P3,2,cok_kisa,relabel:ollama
telsizden ses gelmiyor haberlesme saglanamiyo,sinyalizasyon_haberlesme,3,fault_report,0,P3,2,yazim_yanlisi,relabel:ollama
Kilitli yangın kapısı Bağcılar,sinyalizasyon_haberlesme,3,fault_report,0,P1,0,devrik,relabel:ollama
İletişim yok telsizle alt kat,sinyalizasyon_haberlesme,3,fault_report,0,P3,2,devrik,relabel:ollama
Kartal istasyonu peron kamerasında görüntü kayması yaşanmakta ve netlik sağlanamamaktadır.,sinyalizasyon_haberlesme,3,fault_report,0,P3,2,standart,relabel:ollama
Yenikapı istasyonunda katener gerilim değeri normalin altına düştü.,sinyalizasyon_haberlesme,3,fault_report,0,P3,2,standart,relabel:ollama
4. Levent istasyonu mekanik odasındaki yangın algılama sensörü yanlış alarm vermeye devam etmektedir.,sinyalizasyon_haberlesme,3,fault_report,0,P3,2,standart,relabel:ollama
Kırılmış acil stop butonu koruma kapağı M2 peronunda.,sinyalizasyon_haberlesme,3,fault_report,0,P3,2,devrik,relabel:ollama
gayrettepe istasyonu peron kamerasi kamera-04 goruntusu donuyo,sinyalizasyon_haberlesme,3,fault_report,0,P3,2,yazim_yanlisi,relabel:ollama
Merkez CCTV kayıt cihazı dondu.,sinyalizasyon_haberlesme,3,fault_report,0,P2,1,devrik,relabel:gemini
"M7 hattında peron ayırıcı kapılar tren yokken açık kalmış, birisi raylara düşebilir!",sinyalizasyon_haberlesme,3,fault_report,0,P1,0,,manuel_hedefli:hard_negative_kapi
Yangın algılama sensörü sürekli ötüyor,sinyalizasyon_haberlesme,3,fault_report,0,P3,2,cok_kisa,relabel:ollama
"Tren yanaşırken PAKS kapılarından birinin motoru sıkıştı yarı açık kaldı, sinyalizasyon hatası veriyor.",sinyalizasyon_haberlesme,3,fault_report,0,P3,2,,manuel_hedefli:hard_negative_kapi
Kadıköy M4 peronu PSD-12 numaralı kapı yarım kaldı kilitleme sinyali vermedi.,sinyalizasyon_haberlesme,3,fault_report,0,P3,2,standart,relabel:ollama
BSO-02 sistem hatası,sinyalizasyon_haberlesme,3,fault_report,0,P2,1,cok_kisa,relabel:gemini
"Tren geldi durdu ama perondaki cam kapılar bir türlü açılmadı, trenin kapıları açılmasına rağmen çıkamadık.",sinyalizasyon_haberlesme,3,fault_report,0,P2,1,,manuel_hedefli:hard_negative_kapi
Şişli-Mecidiyeköy istasyonu turnike bölgesindeki CCTV kamera görüntüsünde anlık donmalar meydana gelmektedir.,sinyalizasyon_haberlesme,3,fault_report,0,P3,2,standart,relabel:ollama
telsiz kanalı karisik diger istasyonlar duyuluyo,sinyalizasyon_haberlesme,3,fault_report,0,P3,2,yazim_yanlisi,relabel:ollama
"Merkezi anons sistemi donanımsal arıza vermiş, hiçbir istasyona ses gitmiyor.",sinyalizasyon_haberlesme,3,fault_report,0,P2,1,,manuel_hedefli:hard_negative_sinyalizasyon_yolcu
"Güvenliğin elindeki telsizden hiç ses çıkmıyor, telsizi bozulmuş merkeze bilgi veremiyor.",sinyalizasyon_haberlesme,3,fault_report,0,P3,2,,manuel_hedefli:hard_negative_sinyalizasyon_yolcu
Sunucu bağlantı hatası,sinyalizasyon_haberlesme,3,fault_report,0,P2,1,cok_kisa,relabel:gemini
sisli peron sari cizgi sesli ikaz sistemi baslamiyo tren girerken,sinyalizasyon_haberlesme,3,fault_report,0,P1,0,yazim_yanlisi,relabel:ollama
Taksim M2 peronunda PSD kapısı yarım kaldı kilitlenmedi sefer durduruldu.,sinyalizasyon_haberlesme,3,fault_report,0,P2,1,standart,relabel:ollama
"Yolcu ekranının pikselleri yanmış, yazılar birbirine girmiş okunamıyor cihaz arızalı.",sinyalizasyon_haberlesme,3,fault_report,0,P3,2,,manuel_hedefli:hard_negative_sinyalizasyon_yolcu
Yolcu sayım sensörü veri göndermiyor,sinyalizasyon_haberlesme,3,fault_report,0,P3,2,devrik,relabel:ollama
Peron yoğunluğu arttığında otomatik devreye giren sesli uyarı sistemi kurulması genel yolcu güvenliğini artırır.,sinyalizasyon_haberlesme,3,suggestion,4,P4,3,standart,relabel:ollama
Çalışmıyor turnike kamera açısı bilet holü alanında.,sinyalizasyon_haberlesme,3,fault_report,0,P3,2,devrik,relabel:ollama
Vermiyor görüntü peron içi CCTV kamerası dondu.,sinyalizasyon_haberlesme,3,fault_report,0,P3,2,devrik,relabel:ollama
Cihaz çalışmıyor telsiz Yenikapı,sinyalizasyon_haberlesme,3,fault_report,0,P3,2,devrik,relabel:ollama
Duman algılandı 2. peron,sinyalizasyon_haberlesme,3,fault_report,0,P1,0,devrik,relabel:ollama
Kozyatağı M4 peron kapısı acil durdurma butonu basılı kalıyor kapı kilitlenmiyor.,sinyalizasyon_haberlesme,3,fault_report,0,P3,2,standart,relabel:ollama
sirinevler peronda sari cizgi ikaz sesli uyarisi devreye girmiyo,sinyalizasyon_haberlesme,3,fault_report,0,P1,0,yazim_yanlisi,relabel:ollama
Çalıyor sebepsiz yangın ihbar butonu BSO-01 panosunda.,sinyalizasyon_haberlesme,3,fault_report,0,P3,2,devrik,relabel:ollama
sisli istasyonu peron 2 cctv kamerasi goruntu vermiyo merkeze,sinyalizasyon_haberlesme,3,fault_report,0,P3,2,yazim_yanlisi,relabel:ollama
PSD kilitlemiyor Bostancı güney çıkış,sinyalizasyon_haberlesme,3,fault_report,0,P3,2,devrik,relabel:ollama
güvenlik personeli telsizi bozuk ses gitmiyo,sinyalizasyon_haberlesme,3,fault_report,0,P3,2,yazim_yanlisi,relabel:ollama
Çarşı istasyonu peron kapısı acil açma kolu kırıldı manuel müdahale imkansız.,sinyalizasyon_haberlesme,3,fault_report,0,P3,2,standart,relabel:ollama
Bostancı CCTV-04 kamerası yönü kaymış,sinyalizasyon_haberlesme,3,fault_report,0,P3,2,cok_kisa,relabel:ollama
Sanayi Mahallesi kuzey giriş ağ kesildi,sinyalizasyon_haberlesme,3,fault_report,0,P3,2,cok_kisa,relabel:ollama
Eyüp istasyonu 1. peron bölgesinde duman dedektörleri aktif hale gelmiştir.,sinyalizasyon_haberlesme,3,fault_report,0,P1,0,standart,relabel:ollama
BİS ünitesi montaj platı çatlak,sinyalizasyon_haberlesme,3,fault_report,0,P3,2,cok_kisa,relabel:ollama
"Tavandaki sürenin yazdığı ekranın camı kırılmış cihaz paramparça, haliyle süre müre yazmıyor.",sinyalizasyon_haberlesme,3,fault_report,0,P3,2,,manuel_hedefli:hard_negative_sinyalizasyon_yolcu
Kağıthane istasyonunda üçüncü ray izolatörü kırık sızdırma akımı var.,sinyalizasyon_haberlesme,3,fault_report,0,P1,0,standart,relabel:ollama
topkapi koridor cctv-03 kamerasi acisi kaymis duvar gosteriyo,sinyalizasyon_haberlesme,3,fault_report,0,P3,2,yazim_yanlisi,relabel:ollama
Servis başlangıcında Ayrılık Çeşmesi istasyonundaki acil yardım butonunun kapağının kırık olduğu fark edilmiştir.,sinyalizasyon_haberlesme,3,fault_report,0,P3,2,standart,relabel:ollama
Kamera açısı yan duvar dönük,sinyalizasyon_haberlesme,3,fault_report,0,P3,2,cok_kisa,relabel:ollama
Kadıköy istasyonunda peron güvenlik kamerası görüntüsü bozuluyor.,sinyalizasyon_haberlesme,3,fault_report,0,P3,2,standart,relabel:gemini
Acil durum butonu basıldığında merkeze sinyal gitmiyor.,sinyalizasyon_haberlesme,3,fault_report,0,P1,0,standart,relabel:gemini
ayrilik cesmesi peron 1 yardim butonu tusu kirilmis basilmiyo,sinyalizasyon_haberlesme,3,fault_report,0,P1,0,yazim_yanlisi,relabel:ollama
Levent CCTV kamera görüntüsü yok,sinyalizasyon_haberlesme,3,fault_report,0,P3,2,cok_kisa,relabel:ollama
sisli peronda telsiz cekmiyo haberlesme cok zor,sinyalizasyon_haberlesme,3,fault_report,0,P3,2,yazim_yanlisi,relabel:ollama
Telsiz bozuk PSD-12 yanı,sinyalizasyon_haberlesme,3,fault_report,0,P3,2,devrik,relabel:ollama
esenler scada baglantisi kopmus alarm listesi bos,sinyalizasyon_haberlesme,3,fault_report,0,P3,2,yazim_yanlisi,relabel:ollama
Kirazlı acil yardım butonu yanıt vermiyor.,sinyalizasyon_haberlesme,3,fault_report,0,P1,0,cok_kisa,relabel:ollama
Çalışmıyor duman algılama sensörleri teknik oda koridorunda.,sinyalizasyon_haberlesme,3,fault_report,0,P3,2,devrik,relabel:ollama
bostanci scada arayuzu donmus alarm gelmiyor,sinyalizasyon_haberlesme,3,fault_report,0,P3,2,yazim_yanlisi,relabel:ollama
Anons yok sessiz peron levent,sinyalizasyon_haberlesme,3,fault_report,0,P3,2,yazim_yanlisi,relabel:ollama
Hacıosman istasyonu peron alanındaki CCTV-03 kodlu kameranın merceği tozlanma nedeniyle bulanık göstermektedir.,sinyalizasyon_haberlesme,3,fault_report,0,P3,2,standart,relabel:ollama
Ekran hatası ne zaman giderilir?,sinyalizasyon_haberlesme,3,information_request,2,P3,2,cok_kisa,relabel:ollama
psd 03 hata kodu veriyo maltepe,sinyalizasyon_haberlesme,3,fault_report,0,P3,2,yazim_yanlisi,relabel:ollama
Radyo şarjı bozuldu.,sinyalizasyon_haberlesme,3,fault_report,0,P3,2,cok_kisa,relabel:ollama
Sultanbeyli istasyonunda YKS-01 yerli katener kontrol ünitesi hata veriyor.,sinyalizasyon_haberlesme,3,fault_report,0,P3,2,standart,relabel:ollama
Kapanmıyor panik bar kapısı acil çıkışta tıkalı.,sinyalizasyon_haberlesme,3,fault_report,0,P1,0,devrik,relabel:ollama
Şirinevler istasyonu güney çıkışında görevli personelin telsizi çalışmadığı için iletişim kurulamamaktadır.,sinyalizasyon_haberlesme,3,fault_report,0,P3,2,standart,relabel:ollama
PSD kamalı kilidi bozulmuş,sinyalizasyon_haberlesme,3,fault_report,0,P3,2,cok_kisa,relabel:ollama
Kabataş istasyonu turnike bölgesinde personelin kullandığı telsiz cihazı arızalıdır.,sinyalizasyon_haberlesme,3,fault_report,0,P3,2,standart,relabel:ollama
Tavşantepe istasyonu peron kapısı lastiği yırtıldı hava kaçışı yapıyor ses çıkarıyor.,sinyalizasyon_haberlesme,3,fault_report,0,P3,2,standart,relabel:ollama
dudullu scada istasyon verisi guncellenmiyor eski,sinyalizasyon_haberlesme,3,fault_report,0,P3,2,yazim_yanlisi,relabel:ollama
Sunucu bağlantısı kesildi,sinyalizasyon_haberlesme,3,fault_report,0,P3,2,cok_kisa,relabel:ollama
Üsküdar peron kapısı yarım açık,sinyalizasyon_haberlesme,3,fault_report,0,P3,2,cok_kisa,relabel:ollama
peron kapisi parmak kikirdi zeytinburnu,sinyalizasyon_haberlesme,3,fault_report,0,P3,2,yazim_yanlisi,relabel:ollama
Kadıköy istasyonu tünel ağzı bölgesinde duman algılama sinyali alınmıştır.,sinyalizasyon_haberlesme,3,fault_report,0,P1,0,standart,relabel:ollama
Duman geliyor tünel girişi,sinyalizasyon_haberlesme,3,incident_report,1,P1,0,devrik,relabel:ollama
PSD 05 aralıklı açılıyor,sinyalizasyon_haberlesme,3,fault_report,0,P3,2,cok_kisa,relabel:ollama
kadikoy peron cctv kamerasi sallaniyo acisi tamamen yere kaymis,sinyalizasyon_haberlesme,3,fault_report,0,P3,2,yazim_yanlisi,relabel:ollama
İstanbul Havalimanı istasyonu PSD-15 kapısı kilit pimi takılıp kapanmıyor sefer gecikti.,sinyalizasyon_haberlesme,3,fault_report,0,P2,1,standart,relabel:ollama
Anons yok Taksim,sinyalizasyon_haberlesme,3,fault_report,0,P3,2,cok_kisa,relabel:ollama
Şişli istasyonu 1. peron bölgesinde görevli personelin telsizi çalışmamaktadır.,sinyalizasyon_haberlesme,3,fault_report,0,P3,2,standart,relabel:ollama
Telsiz şarj ünitesi çalışmıyor,sinyalizasyon_haberlesme,3,fault_report,0,P3,2,cok_kisa,relabel:ollama
"Tren peron kapılarına tam hizalanamadı, senkronizasyon koptuğu için peron kapıları manuel açıldı.",sinyalizasyon_haberlesme,3,fault_report,0,P2,1,,manuel_hedefli:hard_negative_kapi
gayrettepe peron 1 yardim butonu panosu yerinden sokulmus kablolar acikta,sinyalizasyon_haberlesme,3,fault_report,0,P1,0,yazim_yanlisi,relabel:ollama
Kartal depo SCADA arayüzünde sinyalizasyon verileri donup kaldı.,sinyalizasyon_haberlesme,3,fault_report,0,P2,1,standart,relabel:ollama
Güvenlik telsizi cızırtı yapıyor,sinyalizasyon_haberlesme,3,fault_report,0,P3,2,cok_kisa,relabel:ollama
Üsküdar istasyonu 2. peronda bulunan acil durum yardım kulesi mikrofonu ses iletmemektedir.,sinyalizasyon_haberlesme,3,fault_report,0,P1,0,standart,relabel:ollama
Telsiz bataryası bitik servis başında,sinyalizasyon_haberlesme,3,fault_report,0,P3,2,devrik,relabel:ollama
İstanbulkart okuyucu yanıt vermiyor giriş tornası,elektronik_sistemler,4,fault_report,0,P3,2,devrik,relabel:ollama
"İstanbulkart okuyucu yanıt vermiyor, giriş turnikesi.",elektronik_sistemler,4,fault_report,0,P3,2,devrik,relabel:gemini
BSO-05 kart okumuyor,elektronik_sistemler,4,fault_report,0,P3,2,cok_kisa,relabel:ollama
Levent BSO-04 kart okumuyor,elektronik_sistemler,4,fault_report,0,P3,2,cok_kisa,relabel:ollama
Bilet otomatı hata kodu,elektronik_sistemler,4,fault_report,0,P3,2,cok_kisa,relabel:ollama
bilet otomati kartin okumuyor hata kodu 404,elektronik_sistemler,4,fault_report,0,P3,2,yazim_yanlisi,relabel:gemini
Turnike 12 geçiş vermiyor,elektronik_sistemler,4,fault_report,0,P3,2,cok_kisa,relabel:ollama
Turnike 3 geçiş saymıyor,elektronik_sistemler,4,fault_report,0,P3,2,cok_kisa,relabel:ollama
Turnike 7 kart hatası,elektronik_sistemler,4,fault_report,0,P3,2,cok_kisa,relabel:ollama
Turnike 3 okuma hatası,elektronik_sistemler,4,fault_report,0,P3,2,cok_kisa,relabel:gemini
Turnike geçiş yapmıyor Yenikapı M1 peron,elektronik_sistemler,4,fault_report,0,P3,2,devrik,relabel:ollama
Dolum cihazı ne zaman açılacak?,elektronik_sistemler,4,information_request,2,P3,2,cok_kisa,relabel:ollama
vezneciler turnike ekranlari nezaman calisacak bilgi lutfen.,elektronik_sistemler,4,information_request,2,P3,2,yazim_yanlisi,relabel:ollama
dudullu veritabani kilitli bilet satisi durdu,elektronik_sistemler,4,fault_report,0,P2,1,yazim_yanlisi,relabel:ollama
Turnike 15 hata kodu,elektronik_sistemler,4,fault_report,0,P3,2,cok_kisa,relabel:ollama
Şişhane istasyonunda tarife değişikliği sonrası biletmatiklerde yoğunluk yaşandı.,elektronik_sistemler,4,complaint,3,P4,3,standart,relabel:ollama
Ataköy merkezi biletleme veritabanı yedek alma hatası logarlandı.,elektronik_sistemler,4,fault_report,0,P4,3,standart,relabel:ollama
"Şirinevler 1. peron İstanbulkart okuyucusu kart tanımıyor, geçiş açmıyor.",elektronik_sistemler,4,fault_report,0,P3,2,standart,relabel:ollama
Kirazlı gişe önü bilet otomatı kredi kartı reddediyor.,elektronik_sistemler,4,fault_report,0,P3,2,standart,relabel:ollama
"Bütün kart okuyucular kilitlenmiş, 'sistem hatası' yazıyor turnikelerden geçişler tamamen durdu kimse giremiyor.",elektronik_sistemler,4,fault_report,0,P2,1,,sentetik_ek_train
Ne zaman tamir olur turnike Taksim?,elektronik_sistemler,4,information_request,2,P3,2,devrik,relabel:ollama
Bilet iade talebi,elektronik_sistemler,4,information_request,2,P4,3,cok_kisa,relabel:ollama
Giğe programı kilitlendi veritabanı bağlantısı yok,elektronik_sistemler,4,fault_report,0,P3,2,devrik,relabel:ollama
Kart basma cihazı bozuk.,elektronik_sistemler,4,fault_report,0,P3,2,cok_kisa,relabel:ollama
"Turnikeden geçerken sistem geçiş kaydımı almadı, turnike kolu açık kaldı ama kartımdan iki kere bakiye düşmüş.",elektronik_sistemler,4,fault_report,0,P3,2,,sentetik_ek_train
Kadıköy turnike kaçak geçiş alarmı ötüyor,elektronik_sistemler,4,fault_report,0,P3,2,cok_kisa,relabel:ollama
Kırıldı nöbet çizelgesi ekranı alt katta.,elektronik_sistemler,4,fault_report,0,P3,2,devrik,relabel:ollama
Yenikapı bilet uygulaması giriş yapmıyor,elektronik_sistemler,4,fault_report,0,P3,2,cok_kisa,relabel:ollama
sisli mecidiyekoy bso parayi aldi bilet vermedi,elektronik_sistemler,4,fault_report,0,P3,2,yazim_yanlisi,relabel:ollama
"Hacıosman BSO-01 ekranında ""İşlem yapılamıyor"" mesajı sabit kaldı.",elektronik_sistemler,4,fault_report,0,P3,2,standart,relabel:ollama
İstanbulkart bakiye güncellenmiyor tornada hata,elektronik_sistemler,4,fault_report,0,P3,2,devrik,relabel:ollama
"Kadıköy BSO-03 cihazında ekran dondu, tuşlara tepki vermiyor.",elektronik_sistemler,4,fault_report,0,P3,2,standart,relabel:ollama
BSO-02 sistem hatası banknot iade etmiyor,elektronik_sistemler,4,fault_report,0,P3,2,devrik,relabel:ollama
Bağlanmıyor tablet puantaj sistemine servis sonunda.,elektronik_sistemler,4,fault_report,0,P3,2,devrik,relabel:ollama
uzuncayir ag kesintisi otomatlar cevrimdisi kaldi,elektronik_sistemler,4,fault_report,0,P2,1,yazim_yanlisi,relabel:ollama
Ataköy bilet otomatı reçet basmıyor onay vermiyor,elektronik_sistemler,4,fault_report,0,P3,2,devrik,relabel:ollama
Hacıosman turnike kaçak geçiş sensörü arızalı.,elektronik_sistemler,4,fault_report,0,P3,2,cok_kisa,relabel:ollama
Turnike reader kapağı yok,elektronik_sistemler,4,fault_report,0,P3,2,cok_kisa,relabel:ollama
Turnike yazılım güncellemesi yarım kaldı açılmıyor,elektronik_sistemler,4,fault_report,0,P3,2,devrik,relabel:ollama
sisli mecidiyekoy mobil uygulama bilet alima kapali,elektronik_sistemler,4,fault_report,0,P3,2,yazim_yanlisi,relabel:ollama
"Gişedeki memurun önündeki biletleme sistemi tamamen çökmüş, manuel geçiş bile veremiyorlar giriş durdu.",elektronik_sistemler,4,fault_report,0,P2,1,,sentetik_ek_train
uskudar turnike 5 gecis onaylamiyor bekletiyor,elektronik_sistemler,4,fault_report,0,P3,2,yazim_yanlisi,relabel:ollama
Yenikapı bilet holünde bulunan kart dolum cihazının arızası için teknik ekip ne zaman gelecek?,elektronik_sistemler,4,information_request,2,P3,2,standart,relabel:ollama
Biletmatik ucret almiyor,elektronik_sistemler,4,fault_report,0,P3,2,cok_kisa,relabel:ollama
"Üsküdar BSO-05 otomatı banknot kabul etmiyor, sistem kilitli.",elektronik_sistemler,4,fault_report,0,P3,2,standart,relabel:gemini
Taksim istasyonu 2. peron girişindeki turnikenin ekran hatası hakkında bir onarım planı bulunuyor mu?,elektronik_sistemler,4,information_request,2,P3,2,standart,relabel:ollama
Merkez sunucu zaman aşımı bilet iptal,elektronik_sistemler,4,fault_report,0,P3,2,devrik,relabel:ollama
"Şişli metrosundaki biletmatik cihazlarının bütünü arıza vermiş, hiçbirinden istanbulkart yüklemesi yapılamıyor.",elektronik_sistemler,4,fault_report,0,P2,1,,manuel_hedefli:p2_dolayli_cogulluk
"Yenibosna İstanbulkart okuyucu ""Sınırsız geçiş"" kartını tanımıyor, hata veriyor.",elektronik_sistemler,4,fault_report,0,P3,2,standart,relabel:ollama
bostanci mobil uygulama giris yapmiyor donuyor,elektronik_sistemler,4,fault_report,0,P3,2,yazim_yanlisi,relabel:ollama
"QR kodla turnikeden geçiş yapamıyorum, okuyucunun kamerası algılamıyor camı falan temiz ama okumuyor.",elektronik_sistemler,4,fault_report,0,P3,2,,sentetik_ek_train
İstanbulkart yazılımı eski sürüm güncelleme lazım,elektronik_sistemler,4,suggestion,4,P4,3,devrik,relabel:ollama
"Biletmaktikteki kredi kartı pos cihazı banka bağlantısı kuramıyor, kartla yükleme yapılamıyormuş.",elektronik_sistemler,4,fault_report,0,P3,2,,sentetik_ek_train
Ataköy gişe programı açılmıyor veritabanı hatası,elektronik_sistemler,4,fault_report,0,P3,2,devrik,relabel:ollama
kadikoy istasyonunda kart okuyucu nezman duzelir acaba?,elektronik_sistemler,4,information_request,2,P3,2,yazim_yanlisi,relabel:ollama
"Dortyol BSO-03 tuş takımını algılamıyor, işlem yapmıyor.",elektronik_sistemler,4,fault_report,0,P3,2,standart,relabel:ollama
Turnike yazılımı kilitlendi geçiş açılmıyor,elektronik_sistemler,4,fault_report,0,P3,2,devrik,relabel:ollama
Atatürk Oto Sanayi BSO cihazı banknot çekip iade etmiyor.,elektronik_sistemler,4,fault_report,0,P3,2,standart,relabel:ollama
gayretepe turnike okuyucu dondu yolcu gecemiyor,elektronik_sistemler,4,fault_report,0,P2,1,yazim_yanlisi,relabel:ollama
Turnike 4 bilgi talebi.,elektronik_sistemler,4,information_request,2,P3,2,cok_kisa,relabel:ollama
Çalışmıyor amirlik odasındaki yazıcı az önce.,elektronik_sistemler,4,fault_report,0,P3,2,devrik,relabel:ollama
atasehir turnike gecis loglari gelmiyor merkeze,elektronik_sistemler,4,fault_report,0,P3,2,yazim_yanlisi,relabel:ollama
"Kart dolum makinesinin ekranı tamamen donmuş, dokunmatiğine ne kadar bassam da hiçbir şekilde algılamıyor.",elektronik_sistemler,4,fault_report,0,P3,2,,sentetik_ek_train
4 levent istasyonkart bakiye yukleme basarisiz hata,elektronik_sistemler,4,fault_report,0,P3,2,yazim_yanlisi,relabel:ollama
aralikcesme aktarma tarife hatasi ucret aldi,elektronik_sistemler,4,fault_report,0,P3,2,yazim_yanlisi,relabel:ollama
"Bostancı BSO-04 ekranında ""Bakım modu"" yazıyor, çıkmıyor.",elektronik_sistemler,4,fault_report,0,P3,2,standart,relabel:ollama
personel kart basma makınesı arızalandı kartı ıcınde tutuyo cıkartmıyo,elektronik_sistemler,4,fault_report,0,P3,2,yazim_yanlisi,relabel:ollama
Bilgi var mı biletmatik arızasıyla?,elektronik_sistemler,4,information_request,2,P3,2,devrik,relabel:ollama
haciosman biletmatik neden calismiyor nezaman gelir ekipler?,elektronik_sistemler,4,information_request,2,P3,2,yazim_yanlisi,relabel:ollama
atakoy personel kapisi okuyucu tanimlamiyor kart,elektronik_sistemler,4,fault_report,0,P3,2,yazim_yanlisi,relabel:ollama
Kadıköy BSO-05 hata kodu 503 veriyor,elektronik_sistemler,4,fault_report,0,P3,2,devrik,relabel:ollama
Sanayi Mahallesi istasyonunda gerçekleşen geçiş kaydı senkronizasyon problemi saat kaça kadar çözülmüş olur?,elektronik_sistemler,4,information_request,2,P3,2,standart,relabel:ollama
"Makineye 100 TL verdim, ekranda 'lütfen bekleyin' yazısı takılı kaldı ana ekrana dönmüyor cihaz kilitlendi.",elektronik_sistemler,4,fault_report,0,P3,2,,sentetik_ek_train
Personel yok bilet iadesi yapılamıyor Aksaray,elektronik_sistemler,4,complaint,3,P4,3,devrik,relabel:ollama
Veritabanı yavaşladı bilet sorgulanmıyor merkezi,elektronik_sistemler,4,fault_report,0,P3,2,devrik,relabel:ollama
Taksim giriş tornası kart tanımıyor yazılım,elektronik_sistemler,4,fault_report,0,P3,2,devrik,relabel:ollama
"Yenikapı aktarma İstanbulkart okuyucusunda bakiye yazmıyor, sıfır gösteriyor.",elektronik_sistemler,4,fault_report,0,P3,2,standart,relabel:ollama
Turnike sayacı sıfırlanmadı geçiş saymıyor,elektronik_sistemler,4,fault_report,0,P3,2,devrik,relabel:ollama
Şişhane kuzey giriş kart okuyucu hata veriyor,elektronik_sistemler,4,fault_report,0,P3,2,devrik,relabel:ollama
"Gayrettepe İstanbulkart okuyucularında bakiye okunmuyor, hata kodu 500.",elektronik_sistemler,4,fault_report,0,P2,1,standart,relabel:ollama
Kart okumuyor bilet cikmiyor kiziltoprak,elektronik_sistemler,4,fault_report,0,P3,2,yazim_yanlisi,relabel:ollama
yenikapi turnike bolgesi okuyucu ses cikarmiyor,elektronik_sistemler,4,fault_report,0,P3,2,yazim_yanlisi,relabel:ollama
Bilet sunucusu yanıt vermiyor,elektronik_sistemler,4,fault_report,0,P3,2,cok_kisa,relabel:ollama
BSO-05 banknot tanımıyor hata kodu 12,elektronik_sistemler,4,fault_report,0,P3,2,devrik,relabel:ollama
"Üsküdar BSO cihazında İstanbulkart okuyucu kilitlendi, servis gerekli.",elektronik_sistemler,4,fault_report,0,P3,2,standart,relabel:ollama
Geldi mi teknik servis bilet holüne?,elektronik_sistemler,4,information_request,2,P3,2,devrik,relabel:ollama
4 levent bilet otomati fis basmiyo kagit yok,elektronik_sistemler,4,fault_report,0,P3,2,yazim_yanlisi,relabel:ollama
Mobil uygulama giriş hatası,elektronik_sistemler,4,fault_report,0,P3,2,cok_kisa,relabel:ollama
Vezneciler bilet matik altı yağlı su,elektronik_sistemler,4,fault_report,0,P3,2,cok_kisa,relabel:ollama
"Kozyatağı İstanbulkart okuyucu sesli uyarı vermiyor, sadece hata kodu.",elektronik_sistemler,4,fault_report,0,P4,3,standart,relabel:ollama
Kart okuyucu onarım ne zaman?,elektronik_sistemler,4,information_request,2,P3,2,cok_kisa,relabel:ollama
atakoy bso 3 kart okumuyo hata 12,elektronik_sistemler,4,fault_report,0,P3,2,yazim_yanlisi,relabel:ollama
"Şişli üst kat bilet otomatında iade işlemi tamamlanmıyor, para dönmüyor.",elektronik_sistemler,4,fault_report,0,P3,2,standart,relabel:ollama
Kadıköy gişe önü BSO ekran dondu,elektronik_sistemler,4,fault_report,0,P3,2,devrik,relabel:ollama
imam hatip bso iade butonu islevsiz calismiyor,elektronik_sistemler,4,fault_report,0,P3,2,yazim_yanlisi,relabel:ollama
Bilet iade edilmiyor hata kodu topkapi,elektronik_sistemler,4,fault_report,0,P3,2,yazim_yanlisi,relabel:ollama
Bilet uygulaması çöktü,elektronik_sistemler,4,fault_report,0,P3,2,cok_kisa,relabel:ollama
Kart baslatma hatasi ucret alindi biletyok kiziltoprak,elektronik_sistemler,4,fault_report,0,P3,2,yazim_yanlisi,relabel:ollama
Sanayi Mahallesi turnike 3 yazılım reset atıyor,elektronik_sistemler,4,fault_report,0,P3,2,cok_kisa,relabel:ollama
"Kartal kuzey giriş BSO-07 otomatı banknot çekmiyor, hata veriyor.",elektronik_sistemler,4,fault_report,0,P3,2,standart,relabel:ollama
"Tüm geçiş cihazları kendi kendine peş peşe reset atıyor, cihazların ekranları kapanıp açılıyor sistem stabil değil.",elektronik_sistemler,4,fault_report,0,P2,1,,sentetik_ek_train
"Turnike ekranında kırmızı çarpı çıkıyor, kartım sağlam ve bakiyem tam olmasına rağmen 'geçersiz bilet' diyor.",elektronik_sistemler,4,fault_report,0,P3,2,,sentetik_ek_train
"Bilet makinesi 50 liramı yuttu, kartıma yüklemedi iade tuşu da kesinlikle tepki vermiyor param içeride kaldı.",elektronik_sistemler,4,fault_report,0,P3,2,,sentetik_ek_train
"Vezneciler bilet holündeki Biletmatik cihazının para sıkışması sorunu ne zaman giderilecek, bilgi alabilir miyim?",elektronik_sistemler,4,information_request,2,P3,2,standart,relabel:ollama
Bozuldu personel girişindeki turnike okuyucusu.,elektronik_sistemler,4,fault_report,0,P3,2,devrik,relabel:ollama
"İstasyondaki cihazların hiçbiri ağa bağlanamıyor, elektronik ödeme altyapısı gitmiş bilet basılmıyor.",elektronik_sistemler,4,fault_report,0,P2,1,,sentetik_ek_train
esenler turnike bolgesi kart okuyucu hata 101,elektronik_sistemler,4,fault_report,0,P3,2,yazim_yanlisi,relabel:ollama
Levent BSO-01 iptal işlemi takıldı,elektronik_sistemler,4,fault_report,0,P3,2,cok_kisa,relabel:ollama
Mobil geçiş kodu doğrulanmıyor sunucu hatası,elektronik_sistemler,4,fault_report,0,P3,2,devrik,relabel:ollama
Şişhane BSO cihazında parçalı para üstü ödeme hatası oluştu.,elektronik_sistemler,4,fault_report,0,P3,2,standart,relabel:ollama
Bilet holü BSO dondu,elektronik_sistemler,4,fault_report,0,P3,2,cok_kisa,relabel:ollama
Mobil uygulama hata veriyor QR geçersiz,elektronik_sistemler,4,fault_report,0,P3,2,devrik,relabel:ollama
"Engelli turnikesinin kart okuyan siyah kısmı yerinden sökülmüş, elektronik kabloları dışarıda sarkıyor okutma yapılamıyor.",elektronik_sistemler,4,fault_report,0,P3,2,,sentetik_ek_train
"Maslak koridor İstanbulkart okuyucu ""Kart geçersiz"" hatası veriyor sürekli.",elektronik_sistemler,4,fault_report,0,P3,2,standart,relabel:ollama
QR sistem arızası düzeltildi mi?,elektronik_sistemler,4,information_request,2,P3,2,cok_kisa,relabel:ollama
"Otogar BSO hopper boş hatası veriyor, dolu olduğu halde.",elektronik_sistemler,4,fault_report,0,P3,2,standart,relabel:ollama
Mobil uygulamada bilet görünmüyor,elektronik_sistemler,4,fault_report,0,P3,2,cok_kisa,relabel:ollama
BSO banknot kabul etmiyor sistem uyarısı,elektronik_sistemler,4,fault_report,0,P3,2,devrik,relabel:ollama
"Karekod okutulan camın içindeki ışık yanmıyor, cihaz karanlık kaldığı için telefonun ekranını algılamıyor.",elektronik_sistemler,4,fault_report,0,P3,2,,sentetik_ek_train
haciosman turnike bolge kontrol yazilimi hata veriyor,elektronik_sistemler,4,fault_report,0,P3,2,yazim_yanlisi,relabel:ollama
Tarife hatası biletmatik,elektronik_sistemler,4,fault_report,0,P3,2,cok_kisa,relabel:ollama
yenikapi turnike reader hata veriyo ne zman bakilacak?,elektronik_sistemler,4,information_request,2,P3,2,yazim_yanlisi,relabel:ollama
kirazi gişe onü bso dokunmatik tepki vermiyo,elektronik_sistemler,4,fault_report,0,P3,2,yazim_yanlisi,relabel:ollama
Mobil uygulama dondu bilet alınamıyor,elektronik_sistemler,4,fault_report,0,P3,2,devrik,relabel:ollama
Yenikapı bilet otomatları ağ hatası,elektronik_sistemler,4,fault_report,0,P2,1,cok_kisa,relabel:ollama
Üsküdar turnikeler toplu hata,elektronik_sistemler,4,fault_report,0,P2,1,cok_kisa,relabel:ollama
Kart basma makinesi kırık.,elektronik_sistemler,4,fault_report,0,P3,2,cok_kisa,relabel:ollama
Mobil bilet QR okunmuyor kamera yazılım,elektronik_sistemler,4,fault_report,0,P3,2,devrik,relabel:ollama
"Osmanbey bilet satış noktası ağ bağlantısı kesik, işlem yapmıyor.",elektronik_sistemler,4,fault_report,0,P3,2,standart,relabel:ollama
Biletmatik arıza Topkapı,elektronik_sistemler,4,fault_report,0,P3,2,cok_kisa,relabel:ollama
4 levent istasyonkart yazilimi guncelleme sonrasi hata,elektronik_sistemler,4,fault_report,0,P3,2,yazim_yanlisi,relabel:ollama
Çözülecek mi bu QR hatası bugün?,elektronik_sistemler,4,information_request,2,P3,2,devrik,relabel:ollama
taksim kiosk harita yuklenmiyor beyaz ekran,elektronik_sistemler,4,fault_report,0,P3,2,yazim_yanlisi,relabel:ollama
Turnike 4 kaçak geçiş uyarısı veriyor,elektronik_sistemler,4,fault_report,0,P3,2,cok_kisa,relabel:ollama
kirazli bso 2 kartin takili kaliyo hata 500,elektronik_sistemler,4,fault_report,0,P3,2,yazim_yanlisi,relabel:ollama
"Bostancı istasyonu amirlik odasındaki personel bilgisayarı işletim sistemi hatası nedeniyle açılmıyor, müdahale gerekiyor.",elektronik_sistemler,4,fault_report,0,P3,2,standart,relabel:ollama
Topkapı sunucu hata,elektronik_sistemler,4,fault_report,0,P3,2,cok_kisa,relabel:ollama
Kadıköy BSO parayı yuttu iade yok,elektronik_sistemler,4,fault_report,0,P3,2,devrik,relabel:ollama
gayrettepe bso 4 fis basmiyor kagit bitmis,elektronik_sistemler,4,fault_report,0,P3,2,yazim_yanlisi,relabel:ollama
BSO-03 nakit iade etmiyor,elektronik_sistemler,4,fault_report,0,P3,2,cok_kisa,relabel:ollama
Veritabanı kilitlenme hatası,elektronik_sistemler,4,fault_report,0,P3,2,cok_kisa,relabel:ollama
Bilet kesimi yavaş kuyruk uzadı Halkalı,elektronik_sistemler,4,complaint,3,P3,2,devrik,relabel:ollama
"Turnike okuyucusuna kartı yaklaştırıyorum ama bip sesi gelmiyor, cihazın çipi veya kart okuyan kısmı yanmış herhalde.",elektronik_sistemler,4,fault_report,0,P3,2,,sentetik_ek_train
Kadıköy bilet otomatında İstanbulkart bakiye hatası veriyor.,elektronik_sistemler,4,fault_report,0,P3,2,standart,relabel:gemini
4. Levent İstanbulkart okuyucu güncelleme sonrası tepki vermiyor.,elektronik_sistemler,4,fault_report,0,P3,2,standart,relabel:ollama
Aksaray merkezi biletleme sunucusu zaman aşımı hatası veriyor.,elektronik_sistemler,4,fault_report,0,P2,1,standart,relabel:ollama
Tornika acil açma komutu yazılımdan gelmiyor,elektronik_sistemler,4,fault_report,0,P2,1,devrik,relabel:ollama
Hacıosman turnikelerindeki temassız kart okuma sorunu için sistem merkezinden bir müdahale yapılacak mı?,elektronik_sistemler,4,information_request,2,P3,2,standart,relabel:ollama
Kirazlı üst kat veritabanı bağlantısı kopuk,elektronik_sistemler,4,fault_report,0,P3,2,cok_kisa,relabel:ollama
Tarife hatasi karttan para cekilmiyor aksaray,elektronik_sistemler,4,fault_report,0,P3,2,yazim_yanlisi,relabel:ollama
Taksim bilet otomatı dil menüsü dönmüyor,elektronik_sistemler,4,fault_report,0,P3,2,devrik,relabel:ollama
"Cihaz sadece bozuk para kabul ediyor, kağıt para yuvası bozulmuş parayı geri tükürüyor.",elektronik_sistemler,4,fault_report,0,P3,2,,sentetik_ek_train
Göztepe gişe otomatı NFC modülü sürücü hatası veriyor.,elektronik_sistemler,4,fault_report,0,P3,2,standart,relabel:ollama
kartal bso 1 ekran siyah cursor titriyor,elektronik_sistemler,4,fault_report,0,P3,2,yazim_yanlisi,relabel:ollama
Üsküdar istasyonundaki personelin kullandığı parmak izi okuma cihazı teknik bir arıza nedeniyle sabah çalışmıyor.,elektronik_sistemler,4,fault_report,0,P3,2,standart,relabel:ollama
yenikapi bilet otomat dili degistirince donuyor,elektronik_sistemler,4,fault_report,0,P3,2,yazim_yanlisi,relabel:ollama
Ne zaman düzelir bu dolum makinesi?,elektronik_sistemler,4,information_request,2,P3,2,devrik,relabel:ollama
Maltepe merkezi sistemde bilet tarife tablosu güncellenmediği bildirildi.,elektronik_sistemler,4,fault_report,0,P3,2,standart,relabel:ollama
"Turnikeye istanbulkartı basıyorum, yeşil yanıyor geçmeme izin veriyor ama ekranda bakiye göstermediği için ne kestiğini göremiyorum.",elektronik_sistemler,4,fault_report,0,P3,2,,sentetik_ek_train
Tavşantepe gişe bilet programı veritabanı bağlantı hatası veriyor.,elektronik_sistemler,4,fault_report,0,P3,2,standart,relabel:ollama
Kadıköy istasyonu turnike bölgesindeki QR okuyucuların güncellemesi bugün içerisinde tamamlanacak mı acaba?,elektronik_sistemler,4,information_request,2,P3,2,standart,relabel:ollama
Uygulama çöktü bilet geçmişi görünmüyor,elektronik_sistemler,4,fault_report,0,P3,2,devrik,relabel:ollama
İMES bilet otomatı reçete basma komutuna yanıt vermiyor.,elektronik_sistemler,4,fault_report,0,P3,2,standart,relabel:ollama
kadikoy turnike 5 okumuyo kart gecerli yaziyo,elektronik_sistemler,4,fault_report,0,P3,2,yazim_yanlisi,relabel:ollama
Ray cıvatası koptu.,yol_yapisal,5,fault_report,0,P3,2,cok_kisa,relabel:ollama
Cebire cıvatası koptu.,yol_yapisal,5,fault_report,0,P3,2,cok_kisa,relabel:ollama
Makas kilitlenmiyor acil.,yol_yapisal,5,fault_report,0,P1,0,cok_kisa,relabel:ollama
Makas kilitlenmiyor Topkapı.,yol_yapisal,5,fault_report,0,P2,1,cok_kisa,relabel:ollama
Gevşemiş ray bağlantı cıvataları Hacıosman çıkışı.,yol_yapisal,5,fault_report,0,P3,2,devrik,relabel:ollama
Gevşemiş ray bağlantı vidaları Esenler çıkışı.,yol_yapisal,5,fault_report,0,P3,2,devrik,relabel:ollama
Şişhane yönü travers çatlak.,yol_yapisal,5,fault_report,0,P3,2,cok_kisa,relabel:ollama
Travers çatlak Levent yönü.,yol_yapisal,5,fault_report,0,P3,2,cok_kisa,relabel:ollama
sanayi mahallesi makasinda balastlar dagilmis traversler bosta kaliyo.,yol_yapisal,5,fault_report,0,P3,2,yazim_yanlisi,relabel:ollama
Sanayi mahallesinde ray profilinde yamulma var sefer aksayabilir acil bakin.,yol_yapisal,5,fault_report,0,P3,2,yazim_yanlisi,relabel:ollama
Şirinevler makas bölgesinde ray üzerinde kılcal çatlaklar oluştuğu sabah vardiyasında hat bakım ekiplerince raporlandı.,yol_yapisal,5,fault_report,0,P3,2,standart,relabel:ollama
Rayda aşınma Sanayi.,yol_yapisal,5,fault_report,0,P3,2,cok_kisa,relabel:ollama
"Şişhane istasyonu kuyruk tüneli makas dillerinde aşırı aşınma saptandı, parça değişimi planlanmalıdır.",yol_yapisal,5,fault_report,0,P3,2,standart,relabel:ollama
Kirazlı makasında kırık ray.,yol_yapisal,5,fault_report,0,P3,2,cok_kisa,relabel:ollama
Rayda metal parça.,yol_yapisal,5,fault_report,0,P1,0,cok_kisa,relabel:ollama
Ray bağlantısı gevşek.,yol_yapisal,5,fault_report,0,P3,2,cok_kisa,relabel:ollama
Travers hasarlı Kirazlı.,yol_yapisal,5,fault_report,0,P3,2,cok_kisa,relabel:ollama
Travers vidaları sökülmüş Üsküdar.,yol_yapisal,5,fault_report,0,P3,2,cok_kisa,relabel:ollama
Balast boşalması Esenler.,yol_yapisal,5,fault_report,0,P3,2,cok_kisa,relabel:ollama
Kartal istasyonu makas bölgesindeki traverslerde derin çatlaklar oluştuğu için acil müdahale gerekiyor.,yol_yapisal,5,fault_report,0,P3,2,standart,relabel:ollama
Makas göbeğinde aşınma var.,yol_yapisal,5,fault_report,0,P3,2,cok_kisa,relabel:ollama
Durdu makas motoru Kadıköy yönünde aniden.,yol_yapisal,5,fault_report,0,P2,1,devrik,relabel:ollama
"Ray bağlantı vidalarından biri yerinden çıkmış, tren üstünden geçerken tak tuk diye kulak tırmalayıcı bir vurma yapıyor.",yol_yapisal,5,fault_report,0,P3,2,,sentetik_ek_train
kadikoy 2. peronda ray uzerinde buyuk demir parca var tren durdu.,yol_yapisal,5,fault_report,0,P1,0,yazim_yanlisi,relabel:ollama
Bağlantı elemanı kopuk.,yol_yapisal,5,fault_report,0,P3,2,cok_kisa,relabel:ollama
Ray klempleri kırılmış Topkapı.,yol_yapisal,5,fault_report,0,P3,2,cok_kisa,relabel:ollama
Makas göbeği aşınmış.,yol_yapisal,5,fault_report,0,P3,2,cok_kisa,relabel:ollama
"M4 hattında hat üzerinde yabancı cisim bırakılmış büyük bir çelik parça, trenin tekerine girerse tehlike yaratır.",yol_yapisal,5,fault_report,0,P1,0,,sentetik_ek_train
"Perondan raylara bir kişi düştü, baygın yatıyor tren gelirse ezecek acil enerjiyi kesin!",yol_yapisal,5,incident_report,1,P1,0,,sentetik_ek_train
Aşınma var ray yüzeyinde Üsküdar yönü.,yol_yapisal,5,fault_report,0,P3,2,devrik,relabel:ollama
Çatlamış ray gövdesi Şirinevler makas bölgesinde acil.,yol_yapisal,5,fault_report,0,P1,0,devrik,relabel:ollama
Ray bağlantısı kopuk.,yol_yapisal,5,fault_report,0,P3,2,cok_kisa,relabel:ollama
"Rayları birbirine bağlayan çelik levha gevşemiş, her tren geçtiğinde inanılmaz kulak tırmalayan bir çınlama sesi çıkarıyor.",yol_yapisal,5,fault_report,0,P3,2,,sentetik_ek_train
bagcilar tunel girisinde ray baglanti elemani kopmus sefer aksiyo acil.,yol_yapisal,5,fault_report,0,P2,1,yazim_yanlisi,relabel:ollama
Üsküdar makas çıkışında yabancı demir parçası rayların arasına sıkışarak tren geçişini engellemektedir.,yol_yapisal,5,fault_report,0,P2,1,standart,relabel:ollama
Travers çatlak Kartal.,yol_yapisal,5,fault_report,0,P3,2,cok_kisa,relabel:ollama
Var yabancı cisim makas bölgesinde sefer durdu.,yol_yapisal,5,fault_report,0,P2,1,devrik,relabel:ollama
Sanayi Mahallesi makas çıkışındaki traverslerde çatlak oluştuğu gece vardiyasında yol kontrolünde fark edilmiştir.,yol_yapisal,5,fault_report,0,P3,2,standart,relabel:ollama
Bostancı peron hattı rayları arasına düşen büyük metal parça yüzünden seferler acilen durdurulmuştur.,yol_yapisal,5,fault_report,0,P2,1,standart,relabel:ollama
Var ray üstünde metal parça Vezneciler.,yol_yapisal,5,fault_report,0,P1,0,devrik,relabel:ollama
sirinevler 2. peronda rayda deformsyon var trenler yavas geciyo.,yol_yapisal,5,fault_report,0,P3,2,yazim_yanlisi,relabel:ollama
"Makas bölgesinde tekerlekler geçerken sürekli kıvılcım çıkıyor, tren o noktada raya çok fena sürtme yapıyor.",yol_yapisal,5,fault_report,0,P2,1,,sentetik_ek_train
Kırıldı ray Şirinevler çıkışı treni durdurun.,yol_yapisal,5,fault_report,0,P1,0,devrik,relabel:ollama
Balast çöktü tünelde.,yol_yapisal,5,fault_report,0,P1,0,cok_kisa,relabel:ollama
tekerlek rayden cikma riski var,yol_yapisal,5,fault_report,0,P1,0,yazim_yanlisi,relabel:ollama
Kaçtı kedi rayların arasına Şişhane istasyonunda.,yol_yapisal,5,incident_report,1,P1,0,devrik,relabel:ollama
Makas dili sıkıştı.,yol_yapisal,5,fault_report,0,P2,1,cok_kisa,relabel:ollama
Kırıldı ray bağlantı cıvatası Şişhane makas çıkışında.,yol_yapisal,5,fault_report,0,P3,2,devrik,relabel:ollama
Tespit edildi hatta yabancı cisim Bağcılar.,yol_yapisal,5,fault_report,0,P1,0,devrik,relabel:ollama
kartal makas cikisinda balast yataklari kaymis seferler aksiyo.,yol_yapisal,5,fault_report,0,P2,1,yazim_yanlisi,relabel:ollama
Bağcılar hattı peron girişinde rayların birleşim noktasındaki kaynak yerinde aşınma ve deformasyon gözlemlenmiştir.,yol_yapisal,5,fault_report,0,P3,2,standart,relabel:ollama
"Raylarda koca koca taşlar var, birileri dışarıdan hat üzerine engel fırlatmış vagon takılıp devrilebilir.",yol_yapisal,5,fault_report,0,P1,0,,sentetik_ek_train
kadikoy kuyruk tünelinde travers catlamis sabah vardiyasinda gorduk.,yol_yapisal,5,fault_report,0,P3,2,yazim_yanlisi,relabel:ollama
Sanayi Mahallesi kuyruk tünelindeki makas dilinde mekanik aşınma nedeniyle tam kapanmama sorunu yaşanıyor.,yol_yapisal,5,fault_report,0,P2,1,standart,relabel:ollama
Şişhane yönü tünel içi ray hattı üzerinde büyük bir kaya parçası yolu tamamen kapatmıştır.,yol_yapisal,5,fault_report,0,P2,1,standart,relabel:ollama
uskudar hatti uzerinde yabanci cisim var tren acil durduruldu.,yol_yapisal,5,incident_report,1,P1,0,yazim_yanlisi,relabel:ollama
esenler ikinci peron rayinda deformasyon tespit edild,yol_yapisal,5,fault_report,0,P3,2,yazim_yanlisi,relabel:ollama
Eğilmiş ray profili servis sonu tespit edilen.,yol_yapisal,5,fault_report,0,P3,2,devrik,relabel:ollama
"Açık alandaki ray hattına şiddetli yağmurdan toprak kaymış, çamur ve taşlar yolu tamamen kapatmış tren geçemez.",yol_yapisal,5,fault_report,0,P1,0,,sentetik_ek_train
Kırılmış travers sabitleme cıvatası Levent peron girişinde.,yol_yapisal,5,fault_report,0,P3,2,devrik,relabel:ollama
"Üsküdar makas bölgesinde balast tabakasının dağılması sebebiyle raylarda esneme meydana gelmektedir, kontrolü gerekiyor.",yol_yapisal,5,fault_report,0,P3,2,standart,relabel:ollama
Kopmuş ray bağlantı sacı Kirazlı'da.,yol_yapisal,5,fault_report,0,P3,2,devrik,relabel:ollama
Düştü peron önündeki raylara büyük bir bavul.,yol_yapisal,5,fault_report,0,P1,0,devrik,relabel:ollama
Rayda kedi var sefer durdu.,yol_yapisal,5,incident_report,1,P2,1,cok_kisa,relabel:ollama
Kartal makas bölgesindeki traverslerin altında balast boşalması meydana geldiği için trenlerde sarsıntı yaşanmaktadır.,yol_yapisal,5,fault_report,0,P3,2,standart,relabel:ollama
Sallanıyor ray bağlantıları makas bölgesinde acil.,yol_yapisal,5,fault_report,0,P1,0,devrik,relabel:ollama
Çatlak var traverste Mecidiyeköy 2. peronda.,yol_yapisal,5,fault_report,0,P3,2,devrik,relabel:ollama
"Şişli istasyonu tünel girişindeki ray üzerinde derin aşınma ve deformasyon gözlemlendi, acil müdahale gerekiyor.",yol_yapisal,5,fault_report,0,P3,2,standart,relabel:ollama
Hat üzerinde metal engel.,yol_yapisal,5,fault_report,0,P1,0,cok_kisa,relabel:ollama
"Kirazlı hattı 1. peron çıkışında travers üzerinde derin çatlaklar gözlemlendi, yolcu güvenliği açısından risk oluşturuyor.",yol_yapisal,5,fault_report,0,P1,0,standart,relabel:ollama
Topkapi makas yorulmasi yuzunden trenler cok yavas gecmek zorunda kaliyo.,yol_yapisal,5,fault_report,0,P3,2,yazim_yanlisi,relabel:ollama
kirazli makasinda balast kaymasi oldu raylar esniyo simdi.,yol_yapisal,5,fault_report,0,P3,2,yazim_yanlisi,relabel:ollama
Hatta yabancı cisim var.,yol_yapisal,5,fault_report,0,P1,0,cok_kisa,relabel:ollama
Kaymış balastlar makas bölgesinde acil müdahale.,yol_yapisal,5,fault_report,0,P3,2,devrik,relabel:ollama
mecidiyekoy girisindeki travers catlamis acil bakim ekibi gonderin.,yol_yapisal,5,fault_report,0,P3,2,yazim_yanlisi,relabel:ollama
Hacıosman makas bölgesinde rayların arasına sıkışan yabancı cisim nedeniyle makas geçişi engellenmektedir.,yol_yapisal,5,fault_report,0,P2,1,standart,relabel:ollama
Çatlamış traversler Kirazlı makas bölgesinde acil.,yol_yapisal,5,fault_report,0,P3,2,devrik,relabel:ollama
Uskudar istasyon girisi ray klempleri paslanmis ve kirilmis vidalar.,yol_yapisal,5,fault_report,0,P3,2,yazim_yanlisi,relabel:ollama
Ray altı betonarme kırılması,yol_yapisal,5,fault_report,0,P3,2,cok_kisa,relabel:ollama
Rayda engel Bağcılar.,yol_yapisal,5,fault_report,0,P1,0,cok_kisa,relabel:ollama
Tünel içindeki rayların altındaki beton bloklardan biri kırılıp hattın içine devrilmiş engel oluşturuyor.,yol_yapisal,5,fault_report,0,P2,1,,sentetik_ek_train
Ray havası boşluğu taş dolu,yol_yapisal,5,fault_report,0,P2,1,cok_kisa,relabel:ollama
"Ataköy istasyonu makas bölgesinde ray hattı üzerinde yabancı bir metal cisim tespit edildi, acil müdahale gerekiyor.",yol_yapisal,5,fault_report,0,P1,0,standart,relabel:ollama
Kaydı balastlar rayın üstüne seferi aksatıyor.,yol_yapisal,5,fault_report,0,P2,1,devrik,relabel:ollama
Dağılmış balastlar Sanayi Mahallesi tünel girişinde.,yol_yapisal,5,fault_report,0,P3,2,devrik,relabel:ollama
kadikoy girisindeki makas deforme olmus acil bakim gerekiyo.,yol_yapisal,5,fault_report,0,P3,2,yazim_yanlisi,relabel:ollama
Makas cıvataları gevşek.,yol_yapisal,5,fault_report,0,P3,2,cok_kisa,relabel:ollama
Traverslerde çatlak var.,yol_yapisal,5,fault_report,0,P3,2,cok_kisa,relabel:ollama
"Sanayi Mahallesi tünel içi ray bağlantı klempleri gevşemiş, yolcu güvenliği açısından risk oluşturmaktadır.",yol_yapisal,5,fault_report,0,P1,0,standart,relabel:ollama
Balast dağılmış Yenikapı.,yol_yapisal,5,fault_report,0,P3,2,cok_kisa,relabel:ollama
"Seyir halindeyken tren aniden raya sürtüp yavaşladı, rayda bir yamulma veya deformasyon var bariz belli oluyor.",yol_yapisal,5,fault_report,0,P2,1,,sentetik_ek_train
Aşınmış travers koruma plakası Sanayi Mahallesi makaslarında.,yol_yapisal,5,fault_report,0,P3,2,devrik,relabel:ollama
Balast dağılması tünel ağzı.,yol_yapisal,5,fault_report,0,P3,2,cok_kisa,relabel:ollama
Peron sigortası ray arası boşluk büyüdü,yol_yapisal,5,fault_report,0,P2,1,cok_kisa,relabel:ollama
Kırıldı sol makas dili Kadıköy yönünde.,yol_yapisal,5,fault_report,0,P2,1,devrik,relabel:ollama
sanayi mahallesi yonu ray makasinda kilitlenme var makas dilleri oynamiyo.,yol_yapisal,5,fault_report,0,P2,1,yazim_yanlisi,relabel:ollama
Taksim 2. peron yönünde traverslerde çatlama ve deformasyon belirlenmiş olup acil müdahale gerekmektedir.,yol_yapisal,5,fault_report,0,P3,2,standart,relabel:ollama
Esenler makas hattında ray bağlantı cıvatalarının koptuğu tespit edilmiş olup ekipler bölgeye sevk edilmiştir.,yol_yapisal,5,fault_report,0,P3,2,standart,relabel:ollama
Tünelin girişinde hat üzerinde kocaman bir kaya parçası var tren ona çarpabilir acil durdurun!,yol_yapisal,5,fault_report,0,P1,0,,sentetik_ek_train
olimpiyat tunel ici ray temeli cokme belirtisi,yol_yapisal,5,fault_report,0,P1,0,yazim_yanlisi,relabel:ollama
Esenler rayı kırık.,yol_yapisal,5,fault_report,0,P2,1,cok_kisa,relabel:ollama
Dağılmış balastlar Kartal tünel girişinde az önce.,yol_yapisal,5,fault_report,0,P3,2,devrik,relabel:ollama
Dağınık balastlar Taksim tüneli.,yol_yapisal,5,fault_report,0,P3,2,cok_kisa,relabel:ollama
Balast yatağı çöktü.,yol_yapisal,5,fault_report,0,P3,2,cok_kisa,relabel:ollama
vezencller yonu ray uzerinde demir parca var sefer aksiyo,yol_yapisal,5,fault_report,0,P1,0,yazim_yanlisi,relabel:ollama
Ray kırıldı acil müdahale.,yol_yapisal,5,fault_report,0,P1,0,cok_kisa,relabel:ollama
uzuncayir makas gobeginn civatalari kopmus tren sarsiliyo,yol_yapisal,5,fault_report,0,P1,0,yazim_yanlisi,relabel:ollama
Rayda aşınma mevcut.,yol_yapisal,5,fault_report,0,P3,2,cok_kisa,relabel:ollama
Kırıldı ray bağlantı cıvataları Ataköy hattında.,yol_yapisal,5,fault_report,0,P3,2,devrik,relabel:ollama
"Açık hat kısmında makasların üzeri tamamen kar ve buz tutmuş, makas donduğu için tren patinaj yapıyor yön değiştiremiyor.",yol_yapisal,5,fault_report,0,P2,1,,sentetik_ek_train
Rayda genleşme hatası.,yol_yapisal,5,fault_report,0,P3,2,cok_kisa,relabel:ollama
sirinevler peron 2 raylarin uzerine kedi dustu seferler yavaslatildi.,yol_yapisal,5,incident_report,1,P1,0,yazim_yanlisi,relabel:ollama
Deforme olmuş ray hattı Bağcılar girişinde.,yol_yapisal,5,fault_report,0,P3,2,devrik,relabel:ollama
"Balast taşları yola tamamen dağılmış, rayın altı boşalmış gibi görünüyor tren o bölgeden geçerken çok sallanıyor.",yol_yapisal,5,fault_report,0,P3,2,,sentetik_ek_train
"Hacıosman istasyonu 2. peron çıkışındaki ray bağlantı elemanlarında gevşeme tespit edildi, seferler tedbir amaçlı yavaşlatıldı.",yol_yapisal,5,fault_report,0,P2,1,standart,relabel:ollama
Sarsıyor treni raydaki aşınma Mecidiyeköy girişinde.,yol_yapisal,5,fault_report,0,P3,2,devrik,relabel:ollama
Travers aşınması tespit edildi.,yol_yapisal,5,fault_report,0,P3,2,cok_kisa,relabel:ollama
Balast rayı kapattı durdurun.,yol_yapisal,5,incident_report,1,P2,1,cok_kisa,relabel:ollama
Ray contası kopmuş Sanayi.,yol_yapisal,5,fault_report,0,P3,2,cok_kisa,relabel:ollama
Levent 2. peron ray hattinda yabanci cisim var tren gecemiyo acil.,yol_yapisal,5,fault_report,0,P2,1,yazim_yanlisi,relabel:ollama
"Sanayi Mahallesi tünel çıkışındaki ray bağlantı kelepçelerinde gevşeme ve aşınma tespit edildi, acil müdahale gerekiyor.",yol_yapisal,5,fault_report,0,P3,2,standart,relabel:ollama
kadikoy ray uzerinde plastik bidon var tren gecemiyo,yol_yapisal,5,incident_report,1,P2,1,yazim_yanlisi,relabel:ollama
"Hattaki makas sistemlerinin hepsi kilitlenip arızaya geçti, trenler tünel girişlerinde bekletiliyor seferler durdu.",yol_yapisal,5,fault_report,0,P2,1,,manuel_hedefli:p2_dolayli_cogulluk
sishane makas bolgesinde ray uzerine metal boru dusmus acil mudahale.,yol_yapisal,5,fault_report,0,P1,0,yazim_yanlisi,relabel:ollama
"Ray drenaj sistemi tıkandığı için su hattın üzerinde birikmeye başlamış, yakında raylar komple su altında kalacak.",yol_yapisal,5,fault_report,0,P3,2,,sentetik_ek_train
Saptandı aşırı aşınma ray başlarında Üsküdar çıkışında.,yol_yapisal,5,fault_report,0,P3,2,devrik,relabel:ollama
"İstasyona yaklaşırken tren çok fena kafa sallayıp savruldu, o bölgedeki rayda oturma veya zemin çökmesi meydana gelmiş olabilir.",yol_yapisal,5,fault_report,0,P2,1,,sentetik_ek_train
Var ray üzerinde metal parça Taksim makasında.,yol_yapisal,5,fault_report,0,P1,0,devrik,relabel:ollama
"Topkapı yönü tünel girişinde ray hattı üzerinde büyük bir metal parça bulunuyor, seferler durduruldu.",yol_yapisal,5,fault_report,0,P1,0,standart,relabel:ollama
bagcilar kuyruk tunelinde ray uzerinde demir parca var seferi durdurun.,yol_yapisal,5,fault_report,0,P1,0,yazim_yanlisi,relabel:ollama
Hastane-Adliye tünel ray arası betonarme çatlak,yol_yapisal,5,fault_report,0,P3,2,devrik,relabel:ollama
Gece vardiyasında yapılan kontrollerde Kartal makas bölgesinde ray üzerinde derin bir çatlak belirlenmiştir.,yol_yapisal,5,fault_report,0,P3,2,standart,relabel:ollama
Topkapı istasyon girişindeki ray hattında aşırı genleşme kaynaklı hafif yönsel sapma gözlemlenmiştir.,yol_yapisal,5,fault_report,0,P3,2,standart,relabel:ollama
esenler istasyonunda ray kilit kisminda deformasyon var.,yol_yapisal,5,fault_report,0,P3,2,yazim_yanlisi,relabel:ollama
Sallanıyor gevşek ray vidaları peron sonunda.,yol_yapisal,5,fault_report,0,P3,2,devrik,relabel:ollama
Ray kırıldı Şişhane.,yol_yapisal,5,fault_report,0,P2,1,cok_kisa,relabel:ollama
"Kadıköy istasyonu kuyruk tünelindeki makas motoru bağlantı kollarında mekanik sıkışma yaşanıyor, seferler gecikebilir.",yol_yapisal,5,fault_report,0,P2,1,standart,relabel:ollama
"Ray hattına şiddetli fırtınadan kocaman bir ağaç devrilmiş yolu kapatmış, engel kalkmadan seferler yapılamıyor.",yol_yapisal,5,fault_report,0,P1,0,,sentetik_ek_train
"Gayrettepe istasyonunda rayların üzerine büyük bir metal levha düştü, tren seferleri acilen durdurulmalıdır.",yol_yapisal,5,incident_report,1,P2,1,standart,relabel:ollama
Sarsıyor treni makas geçişi Esenler peron.,yol_yapisal,5,fault_report,0,P3,2,devrik,relabel:ollama
Vermiş raylar esneme sıcaklık artışından dolayı Topkapı'da.,yol_yapisal,5,fault_report,0,P3,2,devrik,relabel:ollama
Sıkıştı makas mekanizması Esenler makas bölgesinde.,yol_yapisal,5,fault_report,0,P2,1,devrik,relabel:ollama
Balastlar boşalmış Yenikapı makas çıkışı 1. peron.,yol_yapisal,5,fault_report,0,P3,2,devrik,relabel:ollama
Kadıköy istasyonu makas bölgesinde ray bağlantı elemanlarında gevşeme tespit edilmiş olup acil müdahale gerekmektedir.,yol_yapisal,5,fault_report,0,P3,2,standart,relabel:ollama
mecidiyekoy 2. peron hattinda rayda catlak var trenler cok yavasliyor.,yol_yapisal,5,fault_report,0,P3,2,yazim_yanlisi,relabel:ollama
Bulundu yabancı cisim ray üstünde Topkapı.,yol_yapisal,5,fault_report,0,P1,0,devrik,relabel:ollama
balast yorulmasi var uskudar makasinda hat cok esniyor acil bakim.,yol_yapisal,5,fault_report,0,P1,0,yazim_yanlisi,relabel:ollama
Engel var ray üstünde Kadıköy girişi.,yol_yapisal,5,fault_report,0,P1,0,devrik,relabel:ollama
Taksim makasinda ray kenetleri kirildi her geciste cok ses cikiyo.,yol_yapisal,5,fault_report,0,P3,2,yazim_yanlisi,relabel:ollama
"Esenler makas çıkışındaki travers sabitleme vidaları tamamen yerinden çıkmış durumda, sefer güvenliği risk altında.",yol_yapisal,5,fault_report,0,P1,0,standart,relabel:ollama
"Tren geçerken altımızdan korkunç bir metal kırılma sesi geldi, ray kırılması olabilir hat sarsılıyor sarsıntıdan düştük.",yol_yapisal,5,fault_report,0,P2,1,,sentetik_ek_train
ray catladi sanayi mahallesi girisinde treni acil durdurun,yol_yapisal,5,fault_report,0,P1,0,yazim_yanlisi,relabel:ollama
"Uzunçayır tünel girişinde rayların üzerine doğru balast kayması meydana geldi, yolcu güvenliği açısından tehlike arz ediyor.",yol_yapisal,5,fault_report,0,P1,0,standart,relabel:ollama
Travers çatlak Mecidiyeköy.,yol_yapisal,5,fault_report,0,P3,2,cok_kisa,relabel:ollama
balastlar rayin ustune dogru kaydi sefer guvenligi tehlikede,yol_yapisal,5,fault_report,0,P1,0,yazim_yanlisi,relabel:ollama
"Yeraltındaki hat bölgesinde ciddi bir balast kayması yaşanmış, rayın dengesi bozulmuş geçiş esnasında sarsıntı çok şiddetli.",yol_yapisal,5,fault_report,0,P3,2,,sentetik_ek_train
Çatlamış traversler servis sonunda tespit edilen Sanayi'de.,yol_yapisal,5,fault_report,0,P3,2,devrik,relabel:ollama
Devriye atmıyor personel üst kat,istasyon_guvenlik,6,complaint,3,P4,3,devrik,relabel:ollama
Devriye atmıyor personel Gayrettepe,istasyon_guvenlik,6,complaint,3,P4,3,devrik,relabel:ollama
Çağlayan istasyonu üst kat alanında şüpheli yanık kokusu tespit edilmiştir.,istasyon_guvenlik,6,incident_report,1,P1,0,standart,relabel:ollama
Mecidiyeköy istasyonu üst kat bölgesinde yoğun yanık kokusu tespit edilmiştir.,istasyon_guvenlik,6,incident_report,1,P1,0,standart,relabel:ollama
Gayrettepe 1. peron duman kokusu,istasyon_guvenlik,6,incident_report,1,P1,0,cok_kisa,relabel:ollama
Hatun Tepe peron duman kokusu,istasyon_guvenlik,6,incident_report,1,P1,0,cok_kisa,relabel:ollama
Kartal peron ucunda yanik kokusu geliyor acil,istasyon_guvenlik,6,incident_report,1,P1,0,yazim_yanlisi,relabel:ollama
Haliç peronda yanık kokusu geliyor acil bakin,istasyon_guvenlik,6,incident_report,1,P1,0,yazim_yanlisi,relabel:ollama
Guvenlik personeli yok peron kontrolu yok levent,istasyon_guvenlik,6,complaint,3,P3,2,yazim_yanlisi,relabel:ollama
Giriş holü devriye eksik,istasyon_guvenlik,6,complaint,3,P4,3,cok_kisa,relabel:ollama
Şişli istasyonu kuzey girişindeki güvenlik personelinin devriye sıklığı yoğun saatlerde artırılırsa caydırıcılık daha yüksek olur.,istasyon_guvenlik,6,suggestion,4,P4,3,standart,relabel:ollama
seyyar saticilar bilet holunu isgal etmis,istasyon_guvenlik,6,complaint,3,P4,3,yazim_yanlisi,relabel:ollama
beşiktaş üst katta duman algilandi kontrol edilsin,istasyon_guvenlik,6,incident_report,1,P1,0,yazim_yanlisi,relabel:ollama
Bakırköy gişe önü dilenci,istasyon_guvenlik,6,incident_report,1,P4,3,cok_kisa,relabel:ollama
Şirinevler merdivenlerinde dilenci var.,istasyon_guvenlik,6,incident_report,1,P4,3,cok_kisa,relabel:ollama
Söndürme tüpü önü kolili,istasyon_guvenlik,6,fault_report,0,P3,2,cok_kisa,relabel:ollama
kamera acısı sarki söyleyen adam yuzunden kapandi,istasyon_guvenlik,6,incident_report,1,P4,3,yazim_yanlisi,relabel:ollama
Yangın alarmı duman algıladı,istasyon_guvenlik,6,incident_report,1,P1,0,cok_kisa,relabel:ollama
Kirazlı istasyonunda seyyar satıcı girişini engellemek için turnike bölgesine ek güvenlik bariyerleri planlanması uygun olacaktır.,istasyon_guvenlik,6,suggestion,4,P4,3,standart,relabel:ollama
Yangın alarmı buton kapalı,istasyon_guvenlik,6,fault_report,0,P3,2,cok_kisa,relabel:ollama
Kamera açısı kaymış asansör,istasyon_guvenlik,6,fault_report,0,P4,3,devrik,relabel:ollama
sirinevler turnike yaninda dilenci var kimse bakmiyo,istasyon_guvenlik,6,complaint,3,P4,3,yazim_yanlisi,relabel:ollama
sisli perondaki yangin tupu yerinde yok calinmis veya kaldirilmis,istasyon_guvenlik,6,fault_report,0,P3,2,yazim_yanlisi,relabel:ollama
tünel agzinda yg tüpünün onune esya konulmus,istasyon_guvenlik,6,fault_report,0,P3,2,yazim_yanlisi,relabel:ollama
Yanık kokusu geliyor bilet holü,istasyon_guvenlik,6,incident_report,1,P1,0,devrik,relabel:ollama
Dilenci var turnike bölgesi Taksim,istasyon_guvenlik,6,incident_report,1,P2,1,devrik,relabel:ollama
Girişe x-ray cihazı takviyesi.,istasyon_guvenlik,6,suggestion,4,P4,3,cok_kisa,relabel:ollama
Eminönü istasyonu 2. peron bölgesinde yoğun bir yanık kokusu yayılmaktadır.,istasyon_guvenlik,6,incident_report,1,P1,0,standart,relabel:ollama
Duman çıkıyor tünel ağzındaki traverslerden acilen gelin.,istasyon_guvenlik,6,incident_report,1,P1,0,devrik,relabel:ollama
Alt kat acil çıkış yolu tıkalı,istasyon_guvenlik,6,fault_report,0,P1,0,cok_kisa,relabel:ollama
sisli giris kapisinda zorla para isteyen dilenci uzaklastirildi,istasyon_guvenlik,6,incident_report,1,P2,1,yazim_yanlisi,relabel:ollama
yenikapi transfer katinda devriye gezen guvenlik personeli hic yok,istasyon_guvenlik,6,complaint,3,P4,3,yazim_yanlisi,relabel:ollama
Uzunçayır tünel ağzı yanık kokusu,istasyon_guvenlik,6,incident_report,1,P1,0,cok_kisa,relabel:ollama
Peron kalabalık güvenlik uyardı Gayrettepe,istasyon_guvenlik,6,incident_report,1,P4,3,devrik,relabel:ollama
Yenikapı üst katlarda yanık kokusu yayılmış,istasyon_guvenlik,6,incident_report,1,P1,0,yazim_yanlisi,relabel:ollama
Yenikapı istasyonu 1. peron bölgesinde yoğun duman kokusu hissedilmektedir.,istasyon_guvenlik,6,incident_report,1,P1,0,standart,relabel:ollama
Ataköy istasyonu asansör önünde konumlandırılan yangın tüpünün önü malzemelerle kapatılmıştır.,istasyon_guvenlik,6,fault_report,0,P3,2,standart,relabel:ollama
Haliç istasyonu 1. peron bölgesindeki yangın dolabına erişim engellenmiş durumdadır.,istasyon_guvenlik,6,fault_report,0,P4,3,standart,relabel:ollama
Yangın söndürme tüpü basıncı düşmüş,istasyon_guvenlik,6,fault_report,0,P3,2,cok_kisa,relabel:ollama
Vezneciler istasyonunda personel yokluğunda kapı kontrolü sağlanamadı.,istasyon_guvenlik,6,complaint,3,P4,3,standart,relabel:ollama
Atakoy bilet holunde devriye gezen yok kimse gorunmuyo,istasyon_guvenlik,6,complaint,3,P4,3,yazim_yanlisi,relabel:ollama
Boş duruyor nöbet kulübesi,istasyon_guvenlik,6,complaint,3,P4,3,devrik,relabel:ollama
Peron yoğunluk kontrolü yapılıyor İTÜ,istasyon_guvenlik,6,incident_report,1,P4,3,devrik,relabel:ollama
Üsküdar istasyonu B3 katındaki yangın söndürme tüpünün basınç göstergesinin kırmızı bölgede olduğu görüldü.,istasyon_guvenlik,6,fault_report,0,P3,2,standart,relabel:ollama
Söğütlüçeşme istasyonu peron bölgesinde dilencilere karşı önlem alınması gerekmektedir.,istasyon_guvenlik,6,suggestion,4,P4,3,standart,relabel:ollama
sirinevler kuzey girisinde dilencilik yapan kadin bolgeden uzaklastirildi,istasyon_guvenlik,6,incident_report,1,P2,1,yazim_yanlisi,relabel:ollama
levent gise bolgesi turnikelerden surekli kacak gecis yapiliyo eleman lazim,istasyon_guvenlik,6,complaint,3,P4,3,yazim_yanlisi,relabel:ollama
Kadikoy peronda yanik kokusu var acil bakilsin,istasyon_guvenlik,6,incident_report,1,P1,0,yazim_yanlisi,relabel:ollama
bostanci alt gecit acil cikis kapisi arkasindan kilitli disari acilmiyo,istasyon_guvenlik,6,fault_report,0,P1,0,yazim_yanlisi,relabel:ollama
Yenikapı girişinde seyyar satıcı,istasyon_guvenlik,6,complaint,3,P4,3,cok_kisa,relabel:ollama
Şişhane peron yangın tüpü kayıp,istasyon_guvenlik,6,fault_report,0,P3,2,cok_kisa,relabel:ollama
topkapi gise bolgesinde kacak gecis yapanlar var guvenlik devriye atmiyo,istasyon_guvenlik,6,complaint,3,P4,3,yazim_yanlisi,relabel:ollama
Kartal istasyonu 2. peron bölgesinde yangın söndürme tüplerine erişilememektedir.,istasyon_guvenlik,6,fault_report,0,P4,3,standart,relabel:ollama
Personel yok güney çıkış,istasyon_guvenlik,6,complaint,3,P4,3,devrik,relabel:ollama
Kapatmışlar yangın tüpü önünü Yenikapı,istasyon_guvenlik,6,fault_report,0,P3,2,devrik,relabel:ollama
güvenlik personeli devriyesini eksik yapmis,istasyon_guvenlik,6,complaint,3,P4,3,yazim_yanlisi,relabel:ollama
Otogar alt kat kablo yandı,istasyon_guvenlik,6,incident_report,1,P1,0,cok_kisa,relabel:ollama
Yenikapı istasyonu 2. peron bölgesinde yoğun yanık kokusu tespit edilmiş olup kontrol gerekmektedir.,istasyon_guvenlik,6,incident_report,1,P1,0,standart,relabel:ollama
Yangın tüpü erişimi panoyla engelli,istasyon_guvenlik,6,fault_report,0,P4,3,cok_kisa,relabel:ollama
alt katta yangin tüpünün önü kapali erisilemiyor,istasyon_guvenlik,6,fault_report,0,P4,3,yazim_yanlisi,relabel:ollama
Satıcı var peron arası,istasyon_guvenlik,6,incident_report,1,P2,1,devrik,relabel:ollama
Gayrettepe istasyonu turnike alanında görevli personelin iletişim cihazı fiziksel olarak hasarlıdır.,istasyon_guvenlik,6,fault_report,0,P3,2,standart,relabel:ollama
uzuncayir girisinde traversler yaniyor dumanlar yukseliyo acil mudahale,istasyon_guvenlik,6,incident_report,1,P1,0,yazim_yanlisi,relabel:ollama
Gayrettepe istasyonu tünel çıkışındaki ray hattında yoğun duman ve yanık kokusu tespit edilmiştir.,istasyon_guvenlik,6,incident_report,1,P1,0,standart,relabel:ollama
Durmuyor güvenlik noktasında personel öğle saatlerinde Kadıköy'de.,istasyon_guvenlik,6,complaint,3,P3,2,devrik,relabel:ollama
Yangın tüplerine işaretleme levhası.,istasyon_guvenlik,6,suggestion,4,P4,3,cok_kisa,relabel:ollama
Hagia Sophia istasyonu turnike alanında seyyar satıcılar için müdahale gerekmektedir.,istasyon_guvenlik,6,fault_report,0,P4,3,standart,relabel:ollama
Kapatmışlar söndürücü önünü Kartal,istasyon_guvenlik,6,fault_report,0,P3,2,devrik,relabel:ollama
bagcilar istasyonu 2 peron acil cikis kapisi arkasina koli yigmislar,istasyon_guvenlik,6,fault_report,0,P1,0,yazim_yanlisi,relabel:ollama
Mecidiyeköy istasyonunda yolcu güvenliği için peron boşaltıldı.,istasyon_guvenlik,6,incident_report,1,P2,1,standart,relabel:ollama
Sanayi Mahallesi tünel duman var,istasyon_guvenlik,6,incident_report,1,P1,0,cok_kisa,relabel:ollama
ayrilik cesmesi gise kisminda turnikeden atlayanlara kimse mudahale etmiyo,istasyon_guvenlik,6,complaint,3,P4,3,yazim_yanlisi,relabel:ollama
dilenciler turnike önünde ısrar ediyor müdahale yok,istasyon_guvenlik,6,complaint,3,P4,3,yazim_yanlisi,relabel:ollama
"Bostancı girişindeki yangın tüplerinin tamamı kilitli dolaplarda sıkışmış durumda, acil bir olayda hiçbirine erişim sağlanamıyor.",istasyon_guvenlik,6,fault_report,0,P2,1,,manuel_hedefli:p2_dolayli_cogulluk
Levent bilet holü çanta kontrolü yapılmıyor,istasyon_guvenlik,6,complaint,3,P4,3,cok_kisa,relabel:ollama
Dilenci dolaşıyor turnike bölgesi,istasyon_guvenlik,6,incident_report,1,P2,1,devrik,relabel:ollama
mecidiyekoy tunel girisi rayda buyuk yangin var her yer duman.,istasyon_guvenlik,6,incident_report,1,P1,0,yazim_yanlisi,relabel:ollama
BSO-02 kamerası önü afişle kapatılmış.,istasyon_guvenlik,6,incident_report,1,P4,3,cok_kisa,relabel:ollama
Şişhane acil durum kapısı önü kapalı,istasyon_guvenlik,6,fault_report,0,P1,0,cok_kisa,relabel:ollama
Boş kalmış X-ray kontrol noktası yoğun saatte Üsküdar'da.,istasyon_guvenlik,6,complaint,3,P3,2,devrik,relabel:ollama
Devriye personeli bölgede yok,istasyon_guvenlik,6,complaint,3,P4,3,cok_kisa,relabel:ollama
yeniköprü peronlarda devriye gezilmiyor personel yok,istasyon_guvenlik,6,complaint,3,P4,3,yazim_yanlisi,relabel:ollama
Engellenmiş bakış açısı kamera,istasyon_guvenlik,6,fault_report,0,P4,3,devrik,relabel:ollama
kamera acısı yanındaki pano yuzunden daralmis,istasyon_guvenlik,6,fault_report,0,P3,2,yazim_yanlisi,relabel:ollama
Kapatmışlar kamera görüşünü,istasyon_guvenlik,6,fault_report,0,P3,2,devrik,relabel:ollama
uskudar peron gise katindaki kamera acisi panoyla kapatilmis gorunmuyo,istasyon_guvenlik,6,fault_report,0,P4,3,yazim_yanlisi,relabel:ollama
Engellenmiş kamera açısı asansör önü,istasyon_guvenlik,6,fault_report,0,P4,3,devrik,relabel:ollama
Kuzey Marmara hattı istasyonunda gece vardiyası devriye kontrolleri yapılmamıştır.,istasyon_guvenlik,6,complaint,3,P4,3,standart,relabel:ollama
Personel gelmiyor devriyeye,istasyon_guvenlik,6,complaint,3,P4,3,devrik,relabel:ollama
Topkapı peron güvenlik personeli eksik,istasyon_guvenlik,6,complaint,3,P4,3,cok_kisa,relabel:ollama
Müdahale lazım dilenciye Hacıosman,istasyon_guvenlik,6,incident_report,1,P2,1,devrik,relabel:ollama
Yenikapı istasyonu 1. peronda rutin devriye turlarının gerçekleştirilmediği saptanmıştır.,istasyon_guvenlik,6,complaint,3,P4,3,standart,relabel:ollama
4. Levent istasyonunda sabah vardiyası personel eksiliği yaşandı.,istasyon_guvenlik,6,complaint,3,P4,3,standart,relabel:ollama
Yangın dolabı kapağı açılmıyor sıkışmış.,istasyon_guvenlik,6,fault_report,0,P3,2,cok_kisa,relabel:ollama
Taksim güvenlik arama noktası boş,istasyon_guvenlik,6,complaint,3,P4,3,cok_kisa,relabel:ollama
Koku var yanık plastik,istasyon_guvenlik,6,incident_report,1,P1,0,devrik,relabel:ollama
Görüş kapalı kamera 3. peron,istasyon_guvenlik,6,fault_report,0,P4,3,devrik,relabel:ollama
Mecidiyeköy bilet holündeki hırsızlık olaylarını önlemek amacıyla bu bölgeye ek aydınlatma ve bariyer sistemi kurulmalıdır.,istasyon_guvenlik,6,suggestion,4,P4,3,standart,relabel:ollama
Şişli peronunda kalabalık riski sebebiyle girişler geçici olarak kapatıldı.,istasyon_guvenlik,6,incident_report,1,P2,1,standart,relabel:ollama
güvenlik personeli yerinde yok gişeler bos kalmis,istasyon_guvenlik,6,complaint,3,P4,3,yazim_yanlisi,relabel:ollama
kamera gorüsü tabela yuzunden kisitlanmis,istasyon_guvenlik,6,fault_report,0,P4,3,yazim_yanlisi,relabel:ollama
Levent istasyonu turnike bölgesinde seyyar satıcılara müdahale edilmesi için destek talep edilmektedir.,istasyon_guvenlik,6,incident_report,1,P2,1,standart,relabel:ollama
Tavşantepe istasyonunda personel müdahalesi ile kalabalık dağıtıldı.,istasyon_guvenlik,6,incident_report,1,P2,1,standart,relabel:ollama
Alev aldı traversler Sanayi Mahallesi girişinde.,istasyon_guvenlik,6,incident_report,1,P1,0,devrik,relabel:ollama
Kamera açısı tabela tarafından kapalı,istasyon_guvenlik,6,fault_report,0,P4,3,cok_kisa,relabel:ollama
Yangın hortumu önü malzeme dolu,istasyon_guvenlik,6,fault_report,0,P4,3,cok_kisa,relabel:ollama
Karaköy istasyonu üst kat kamera açısı reklam giydirmeleri nedeniyle kısıtlanmıştır.,istasyon_guvenlik,6,fault_report,0,P4,3,standart,relabel:ollama
Halkalı peron seyyar satıcı,istasyon_guvenlik,6,incident_report,1,P4,3,cok_kisa,relabel:ollama
Bakırköy istasyonu tünel ağzı bölgesinde gece vardiyası devriye raporları eksiktir.,istasyon_guvenlik,6,complaint,3,P4,3,standart,relabel:ollama
Konsun yangın tüplerine koruyucu kafes.,istasyon_guvenlik,6,suggestion,4,P4,3,devrik,relabel:ollama
Levent istasyonu turnike girişlerinde dilencilere karşı etkin önlem alınmalıdır.,istasyon_guvenlik,6,suggestion,4,P4,3,standart,relabel:ollama
Güvenlik personeli devriyede yok,istasyon_guvenlik,6,complaint,3,P4,3,cok_kisa,relabel:ollama
Duman çıkıyor traverslerden Sanayi Mahallesi makas girişi.,istasyon_guvenlik,6,incident_report,1,P1,0,devrik,relabel:ollama
Servis başlangıcında turnike alanındaki kameranın görüş açısının reklam panosu tarafından kapandığı görülmüştür.,istasyon_guvenlik,6,fault_report,0,P4,3,standart,relabel:ollama
Gayrettepe istasyonu gece vardiyasında peron içi devriye kayıtları girilmemiştir.,istasyon_guvenlik,6,complaint,3,P4,3,standart,relabel:ollama
Üsküdar istasyonu güney çıkışındaki kavgaların engellenmesi için bu noktada sabit bir polis noktası oluşturulması önerilir.,istasyon_guvenlik,6,suggestion,4,P4,3,standart,relabel:ollama
Basıncı sıfırlanmış yangın söndürme tüpünün A2 peronda.,istasyon_guvenlik,6,fault_report,0,P3,2,devrik,relabel:ollama
Taksim'e ek güvenlik devriyesi.,istasyon_guvenlik,6,suggestion,4,P4,3,cok_kisa,relabel:ollama
Beşiktaş istasyonu turnike alanında seyyar satıcılar tarafından yolcu geçişi zorlaştırılmaktadır.,istasyon_guvenlik,6,incident_report,1,P2,1,standart,relabel:ollama
Yangın dolabı kapağı kilitli,istasyon_guvenlik,6,fault_report,0,P3,2,cok_kisa,relabel:ollama
Söndürücü önü dolu kutular,istasyon_guvenlik,6,fault_report,0,P3,2,devrik,relabel:ollama
Yok güvenlik personeli X-ray cihazı başında Hacıosman'da.,istasyon_guvenlik,6,complaint,3,P4,3,devrik,relabel:ollama
Görülmedi devriye gezen güvenlik görevlisi az önce.,istasyon_guvenlik,6,complaint,3,P4,3,devrik,relabel:ollama
Koridor geçişte yoğunluk riskli Mecidiyeköy,istasyon_guvenlik,6,incident_report,1,P4,3,devrik,relabel:ollama
Üsküdar istasyonu çıkış kapısında seyyar satıcıların yolcu geçişini engellediği tespit edilmiştir.,istasyon_guvenlik,6,fault_report,0,P2,1,standart,relabel:ollama
Şişli alt kat seyyar satıcı,istasyon_guvenlik,6,incident_report,1,P4,3,cok_kisa,relabel:ollama
Hacıosman istasyonu girişindeki yangın tüpü dolabının kapakları kilitli kalmıştır.,istasyon_guvenlik,6,fault_report,0,P4,3,standart,relabel:ollama
yangın tüpü yere dusmus hasarli gorunuyo,istasyon_guvenlik,6,fault_report,0,P4,3,yazim_yanlisi,relabel:ollama
Mecidiyeköy istasyonunda peron kalabalığı güvenlik riski oluşturdu.,istasyon_guvenlik,6,incident_report,1,P2,1,standart,relabel:ollama
personel devriye saatlerine uymuyo gece vardiyasinda,istasyon_guvenlik,6,complaint,3,P4,3,yazim_yanlisi,relabel:ollama
Travers alev aldı söndürülüyor.,istasyon_guvenlik,6,incident_report,1,P1,0,cok_kisa,relabel:ollama
kamera gorüs acisi afis yuzunden kapandi bilet holünde,istasyon_guvenlik,6,fault_report,0,P3,2,yazim_yanlisi,relabel:ollama
YanıkLASTİK kokusu fren alanı peron başı,istasyon_guvenlik,6,incident_report,1,P1,0,devrik,relabel:ollama
Yangın alarmı çaldı üst kat,istasyon_guvenlik,6,incident_report,1,P1,0,devrik,relabel:ollama
Tıkalı yangın tüpünün önü kolilerle Ataköy'de.,istasyon_guvenlik,6,fault_report,0,P3,2,devrik,relabel:ollama
yangin dolaplari onune engel konulmasi yolcularin yaslanmasini onler.,istasyon_guvenlik,6,suggestion,4,P4,3,yazim_yanlisi,relabel:ollama
levent turnikelerde guvenlik personeli yok millet bilet basmadan geciyo,istasyon_guvenlik,6,complaint,3,P4,3,yazim_yanlisi,relabel:ollama
Taksim istasyonu giriş alanında dilenci faaliyetlerine müdahale edilmesi gerekmektedir.,istasyon_guvenlik,6,incident_report,1,P2,1,standart,relabel:ollama
Yangın tüpü önü kapalı,istasyon_guvenlik,6,fault_report,0,P4,3,cok_kisa,relabel:ollama
Şişli gişe onunde dilenciler toplandi müdahale edilmiyor,istasyon_guvenlik,6,complaint,3,P4,3,yazim_yanlisi,relabel:ollama
Yok personel devriye Kartal,istasyon_guvenlik,6,complaint,3,P4,3,devrik,relabel:ollama
bagcilar gise onune seyyar satici girmemesi icin ek bariyer lazim.,istasyon_guvenlik,6,suggestion,4,P4,3,yazim_yanlisi,relabel:ollama
Gayrettepe turnikelerde seyyar satici var müdahale edilmedi,istasyon_guvenlik,6,fault_report,0,P4,3,yazim_yanlisi,relabel:ollama
güvenlik personeli uyuyakalmıs peron ortasında,istasyon_guvenlik,6,complaint,3,P4,3,yazim_yanlisi,relabel:ollama
Kirazlı X-ray başında personel yok.,istasyon_guvenlik,6,complaint,3,P4,3,cok_kisa,relabel:ollama
Şişhane personel kapısı açık kalmış,istasyon_guvenlik,6,fault_report,0,P4,3,cok_kisa,relabel:ollama
Makas sıkıştı duman var.,istasyon_guvenlik,6,incident_report,1,P1,0,cok_kisa,relabel:ollama
Karaköy istasyonu girişinde çanta tarama cihazının başında görevli personel eksikliği gözlemlenmiştir.,istasyon_guvenlik,6,complaint,3,P4,3,standart,relabel:ollama
Şişli istasyonu 2. peron bölgesinde yer alan yangın tüplerinin önü kapatılmıştır.,istasyon_guvenlik,6,fault_report,0,P4,3,standart,relabel:ollama
Yanık kokusu geliyor Şişli peron,istasyon_guvenlik,6,incident_report,1,P1,0,devrik,relabel:ollama
Görmüyor kamera turnike önü,istasyon_guvenlik,6,fault_report,0,P4,3,devrik,relabel:ollama
Seyyar satıcı girdi güney çıkış,istasyon_guvenlik,6,incident_report,1,P2,1,devrik,relabel:ollama
seyyar satici bilet holünde ısrarla satis yapiyo,istasyon_guvenlik,6,incident_report,1,P4,3,yazim_yanlisi,relabel:ollama
Kapanmış erişim yangın tüpü,istasyon_guvenlik,6,fault_report,0,P3,2,devrik,relabel:ollama
Engellenmiş yangın tüpünün önü reklam panosuyla Ataköy'de.,istasyon_guvenlik,6,fault_report,0,P3,2,devrik,relabel:ollama
Kilitli duruyor acil kaçış kapısı Bostancı peronunda.,istasyon_guvenlik,6,fault_report,0,P1,0,devrik,relabel:ollama
Taksim alt geçit seyyar satıcı,istasyon_guvenlik,6,complaint,3,P4,3,cok_kisa,relabel:ollama
Tünel içi yanık kokusu var,istasyon_guvenlik,6,incident_report,1,P1,0,cok_kisa,relabel:ollama
Haliç istasyonu üst kat bölgesinde yanık kokusu olduğu bildirilmiştir.,istasyon_guvenlik,6,incident_report,1,P1,0,standart,relabel:ollama
Artırılsın güvenlik devriyesi sayısı Bostancı koridorlarında.,istasyon_guvenlik,6,suggestion,4,P4,3,devrik,relabel:ollama
Arttırılsın güvenlik personeli sayısı Taksim'de.,istasyon_guvenlik,6,suggestion,4,P4,3,devrik,relabel:ollama
Gece vardiyasında peron bölgesinde yapılması gereken rutin devriyelerin gerçekleştirilmediği tespit edilmiştir.,istasyon_guvenlik,6,complaint,3,P4,3,standart,relabel:ollama
Mecidiyeköy koridor seyyar satıcı,istasyon_guvenlik,6,complaint,3,P4,3,cok_kisa,relabel:ollama
Yapılmıyor çanta aramaları X-ray cihazı önünde Gayrettepe'de.,istasyon_guvenlik,6,complaint,3,P3,2,devrik,relabel:ollama
Asayiş için ek bariyer.,istasyon_guvenlik,6,suggestion,4,P4,3,cok_kisa,relabel:ollama
Personel kapısı kilitlenmiyor yetkisiz giriş var.,istasyon_guvenlik,6,incident_report,1,P2,1,cok_kisa,relabel:ollama
kamera acisi reklam panosu yuzunden kapandi,istasyon_guvenlik,6,fault_report,0,P4,3,yazim_yanlisi,relabel:ollama
Atlıyor turnikelerden sürekli yolcular güvenlik yokken Bostancı'da.,istasyon_guvenlik,6,complaint,3,P2,1,devrik,relabel:ollama
Söndürme ekipmanı önü kapalı,istasyon_guvenlik,6,fault_report,0,P3,2,cok_kisa,relabel:ollama
Şişhane istasyonu kuzey turnikelerinde düzenli devriye gezmesi gereken güvenlik personeli alanında bulunmamaktadır.,istasyon_guvenlik,6,complaint,3,P3,2,standart,relabel:ollama
Söndürücü erişimi yok BSO-02 önü,istasyon_guvenlik,6,fault_report,0,P3,2,devrik,relabel:ollama
hirsizlik cok oluyo mecidiyekoyde turnike ustu ayna takilsin.,istasyon_guvenlik,6,suggestion,4,P4,3,yazim_yanlisi,relabel:ollama
Şişli X-ray cihazı başında görevli yok,istasyon_guvenlik,6,complaint,3,P4,3,cok_kisa,relabel:ollama
Taksim istasyonu tünel ağzındaki kamera görüş açısı istiflenen malzemelerle kapanmıştır.,istasyon_guvenlik,6,fault_report,0,P4,3,standart,relabel:ollama
Vezneciler personel kapisi acik kalmis kimse yok,istasyon_guvenlik,6,fault_report,0,P4,3,yazim_yanlisi,relabel:ollama
Kadıköy bilet holü dilenci,istasyon_guvenlik,6,complaint,3,P4,3,cok_kisa,relabel:ollama
supheli paketler icin bilet holune dedektor koyulmasi lazim artik.,istasyon_guvenlik,6,suggestion,4,P4,3,yazim_yanlisi,relabel:ollama
"Ataköy istasyonu kuzey girişindeki yangın tüpünün önüne malzeme konulmuş, erişim engellenmiştir.",istasyon_guvenlik,6,fault_report,0,P3,2,standart,relabel:ollama
Girdi yetkisiz kişiler hat bakım kapısından Kirazlı'da.,istasyon_guvenlik,6,incident_report,1,P2,1,devrik,relabel:ollama
Kadıköy peronda güvenlik personeli yok,istasyon_guvenlik,6,complaint,3,P4,3,cok_kisa,relabel:ollama
Levent bilet holü dilenci var,istasyon_guvenlik,6,fault_report,0,P4,3,cok_kisa,relabel:ollama
Güvenliğe yedek telsiz bataryası.,istasyon_guvenlik,6,suggestion,4,P4,3,cok_kisa,relabel:ollama
Bağcılar koridor duman kokusu,istasyon_guvenlik,6,incident_report,1,P1,0,cok_kisa,relabel:ollama
Devriye gezmiyor güvenlik görevlileri bilet holünde hafta sonu.,istasyon_guvenlik,6,complaint,3,P3,2,devrik,relabel:ollama
bostanci turnike girisinde tek guvenlik personeli var yetersiz kaliyo,istasyon_guvenlik,6,complaint,3,P4,3,yazim_yanlisi,relabel:ollama
Seyyar satıcı var Taksim,istasyon_guvenlik,6,incident_report,1,P4,3,devrik,relabel:ollama
Yolcu çekilme engeli,istasyon_guvenlik,6,fault_report,0,P3,2,cok_kisa,relabel:ollama
BSO-02 erişimi eşya ile engelli,istasyon_guvenlik,6,fault_report,0,P3,2,cok_kisa,relabel:ollama
Kapatılmış kamera önü reklam panosuyla Levent istasyonunda.,istasyon_guvenlik,6,fault_report,0,P3,2,devrik,relabel:ollama
Gayrettepe peronunda eksik personel nedeniyle güvenlik kontrolü sağlanamadı.,istasyon_guvenlik,6,complaint,3,P4,3,standart,relabel:ollama
Mecidiyeköy turnikeden atlayan yolcular var,istasyon_guvenlik,6,incident_report,1,P2,1,cok_kisa,relabel:ollama
Hacıosman kablo kanalı yangını,istasyon_guvenlik,6,incident_report,1,P1,0,cok_kisa,relabel:ollama
Vezneciler holü yangın kokusu,istasyon_guvenlik,6,incident_report,1,P1,0,cok_kisa,relabel:ollama
Söndürme tüpü yeri boş,istasyon_guvenlik,6,fault_report,0,P4,3,cok_kisa,relabel:ollama
Kartal istasyonu giriş bölgesinde dilenci faaliyetlerine karşı personel müdahalesi talep edilmektedir.,istasyon_guvenlik,6,fault_report,0,P4,3,standart,relabel:ollama
Bostancı istasyonu güney çıkışındaki yangın tüpünün önüne çöp konteyneri konulduğu tespit edilmiştir.,istasyon_guvenlik,6,fault_report,0,P3,2,standart,relabel:ollama
Ayrılık Çeşmesi güvenlik devriyesi yetersiz,istasyon_guvenlik,6,complaint,3,P4,3,cok_kisa,relabel:ollama
Kadikoy ust kat duman sensoru calisiyo koku yok,istasyon_guvenlik,6,incident_report,1,P1,0,yazim_yanlisi,relabel:ollama
Kabataş istasyonu girişinde yangın söndürme ekipmanlarının önü geçici olarak kapatılmıştır.,istasyon_guvenlik,6,fault_report,0,P4,3,standart,relabel:ollama
Yenikapı istasyonu X-ray cihazı başında görevli personel bulunmadığı için çanta kontrolleri yapılamamaktadır.,istasyon_guvenlik,6,complaint,3,P2,1,standart,relabel:ollama
Bilet holüne polis noktası.,istasyon_guvenlik,6,suggestion,4,P4,3,cok_kisa,relabel:ollama
Yangın söndürme tüpünün önü kapatılmış,istasyon_guvenlik,6,fault_report,0,P3,2,cok_kisa,relabel:ollama
Yangın söndürme ekipmanlarına erişimi kolaylaştırmak için dolap kapaklarına şeffaf ve dayanıklı pleksi kaplama yapılması önerilir.,istasyon_guvenlik,6,suggestion,4,P4,3,standart,relabel:ollama
Çağlayan istasyonu peron bölgesinde rutin güvenlik turlarının aksadığı belirlenmiştir.,istasyon_guvenlik,6,complaint,3,P4,3,standart,relabel:ollama
Yolcu koridoru devriye eksik,istasyon_guvenlik,6,complaint,3,P4,3,cok_kisa,relabel:ollama
Tünel ağzı rayda yangın.,istasyon_guvenlik,6,incident_report,1,P1,0,cok_kisa,relabel:ollama
Kamera önü afiş asılmış,istasyon_guvenlik,6,fault_report,0,P4,3,cok_kisa,relabel:ollama
Şişli istasyonu tünel çıkışındaki ray traverslerinde duman çıkışı gözlenmesi üzerine yangın söndürme tüpleriyle müdahale ediliyor.,istasyon_guvenlik,6,incident_report,1,P1,0,standart,relabel:ollama
taksim peron sonu yangin hortumu dolabinin kapagi kilitlenmiyo acik kalmis,istasyon_guvenlik,6,fault_report,0,P3,2,yazim_yanlisi,relabel:ollama
guvenlik personeline kaskatli telsiz sistemi verilse iletisim cok hizlanir.,istasyon_guvenlik,6,suggestion,4,P4,3,yazim_yanlisi,relabel:ollama
Gayrettepe tünel ağzı devriyesi gecikmeli yapılıyor,istasyon_guvenlik,6,complaint,3,P4,3,yazim_yanlisi,relabel:ollama
sirinevler ust katinda dilencilik yapan sahis uzaklastirildi,istasyon_guvenlik,6,incident_report,1,P2,1,yazim_yanlisi,relabel:ollama
Şişli alt kat yanık kokusu,istasyon_guvenlik,6,incident_report,1,P1,0,cok_kisa,relabel:ollama
kadikoy cks dsen kola kaygn zemn,temizlik,7,fault_report,0,P1,0,yazim_yanlisi,relabel:ollama
atakoy cks dsen kola dkmus kaygn zemin,temizlik,7,fault_report,0,P4,3,yazim_yanlisi,relabel:ollama
Şişhane yürüyen merdiven tutamağı yapışkan,temizlik,7,fault_report,0,P4,3,cok_kisa,relabel:ollama
Bostancı yürüyen merdiven basamağı yapışkan,temizlik,7,fault_report,0,P4,3,cok_kisa,relabel:ollama
Levent bilet holündeki çöp kutularının kapasitesi yetersiz kaldığından daha büyük hacimli modellerle değiştirilmesi önerilmektedir.,temizlik,7,suggestion,4,P4,3,standart,relabel:ollama
Çöp torbası patlamış rüzgarla dağıldı peron,temizlik,7,fault_report,0,P4,3,devrik,relabel:ollama
"Topkapı-Ulubatlı peron kenarında çöp yığını, konteyner eksikliği hissediliyor.",temizlik,7,complaint,3,P4,3,standart,relabel:ollama
Duvar yazılı boyalı peron sonu Sanayi Mahallesi,temizlik,7,fault_report,0,P4,3,devrik,relabel:ollama
kapi arasi kirlangic cikiyo 3. vagon,temizlik,7,incident_report,1,P4,3,yazim_yanlisi,relabel:ollama
Sağmalcılar çıkış merdiven basamaklarında dökülen yağ kayganlık yapıyor.,temizlik,7,fault_report,0,P1,0,standart,relabel:ollama
Idrar kokusu yoğun erkek tuvaleti giriş,temizlik,7,complaint,3,P4,3,devrik,relabel:ollama
uskudar tuvalet yl krl cmur zi,temizlik,7,fault_report,0,P4,3,yazim_yanlisi,relabel:ollama
"İstasyon girişindeki duvarlara kocaman sprey boyalarla grafiti çizip çirkin yazılar yazmışlar, görüntü kirliliği var.",temizlik,7,fault_report,0,P4,3,,sentetik_ek_train
Araç içi koku kontrolü?,temizlik,7,information_request,2,P4,3,cok_kisa,relabel:ollama
Mahmutbey M3 geçiş katında dökülen yağlı gıda temizlenmedi.,temizlik,7,complaint,3,P4,3,standart,relabel:ollama
Sakız yapışık dolu merdiven başları,temizlik,7,fault_report,0,P4,3,devrik,relabel:ollama
Çöp konteyneri taşmış Vezneciler peron,temizlik,7,fault_report,0,P4,3,devrik,relabel:ollama
Karton kutular birikmiş servis kapısı yanında,temizlik,7,fault_report,0,P4,3,devrik,relabel:ollama
"Zeminde yağlı bir pislik var acayip kaygan, uyarı tabelası da koymamışlar kayıp kafamı kıracaktım az kalsın.",temizlik,7,fault_report,0,P4,3,,sentetik_ek_train
"Yenikapı geçiş koridorunda dökülen ayran zemini kayganlaştırdı, temizlik bekliyor.",temizlik,7,fault_report,0,P1,0,standart,relabel:ollama
Kartal istasyonu peron sonundaki bank arkasında birikmiş çöp ve haşere tespit edildi.,temizlik,7,fault_report,0,P4,3,standart,relabel:ollama
Şişli peronda sigara izmariti birikimi,temizlik,7,fault_report,0,P4,3,cok_kisa,relabel:ollama
Vezneciler peron bankı altında eski gazete,temizlik,7,fault_report,0,P4,3,cok_kisa,relabel:ollama
"Bahçelievler giriş katında çöp konteyneri çevresi kirli, boşaltma gecikmiş.",temizlik,7,complaint,3,P4,3,standart,relabel:ollama
Şişli üst geçit camı gözenekli kirli,temizlik,7,fault_report,0,P4,3,cok_kisa,relabel:ollama
aksaray yuryen merdvn kmluk ynk,temizlik,7,fault_report,0,P4,3,yazim_yanlisi,relabel:ollama
Bostancı tuvalet sabun dispenseri boş,temizlik,7,fault_report,0,P4,3,cok_kisa,relabel:ollama
"Kartal mezzanin tuvaletlerinde koku giderici tükenmiş, havalandırma yetersiz kalmış.",temizlik,7,complaint,3,P4,3,standart,relabel:ollama
yenikapi trnk bolge koku guclu tuvalet kapi,temizlik,7,fault_report,0,P4,3,yazim_yanlisi,relabel:ollama
"Yürüyen merdivenin siyah bantlarına bir sürü sakız yapıştırmışlar, elleyince elimiz vıcık vıcık oldu iğrenç bir durum.",temizlik,7,fault_report,0,P4,3,,sentetik_ek_train
Vezneciler peron duvarı graffiti boyama,temizlik,7,fault_report,0,P4,3,cok_kisa,relabel:ollama
"Peronun tam ortasına birisi midesini bozup kusmuş, sabahtan beri duruyor üstüne basıp geçenler oldu kokudan durulmuyor.",temizlik,7,fault_report,0,P4,3,,sentetik_ek_train
levent tuvalet kabn kagt havl dolu,temizlik,7,fault_report,0,P4,3,yazim_yanlisi,relabel:ollama
"Atatürk Oto Sanayi istasyonu tuvaletlerinde su birikintisi değil, idrar kokusu şikayeti var.",temizlik,7,complaint,3,P4,3,standart,relabel:ollama
dudullu bilt hol onnde ksmuk var,temizlik,7,fault_report,0,P4,3,yazim_yanlisi,relabel:ollama
"Emniyet-Fatih istasyonu tuvaletlerinde pislik birikimi, periyodik temizlik atlanmış.",temizlik,7,complaint,3,P4,3,standart,relabel:ollama
Akşam saatlerinde istasyonun içi çöplük gibi kokuyor havalandırmalar pisliği çekemiyor galiba koku buram buram.,temizlik,7,fault_report,0,P4,3,,sentetik_ek_train
"Asansörün kabininin içine biri kırmızı boya dökmüş, yerler kurumuş lekelerle dolu kimse silmemiş.",temizlik,7,fault_report,0,P4,3,,sentetik_ek_train
kartal peron cp kovasi tasiyr,temizlik,7,fault_report,0,P4,3,yazim_yanlisi,relabel:ollama
"Mahmutbey M7 peronunda tuvalet kabini içinde kusmuk, acil müdahale gerekiyor.",temizlik,7,fault_report,0,P3,2,standart,relabel:ollama
atakoy guney cks cp konteyner tasmis,temizlik,7,fault_report,0,P4,3,yazim_yanlisi,relabel:ollama
Bostancı peron çöp torbaları toplanmadı,temizlik,7,fault_report,0,P4,3,cok_kisa,relabel:ollama
Kartal peron duvarında yazı var,temizlik,7,fault_report,0,P4,3,cok_kisa,relabel:ollama
"Şişli-Mecidiyeköy B2 girişinde kemirgen izdüşümü, kablo kanallarına giriş önlenmeli.",temizlik,7,fault_report,0,P4,3,standart,relabel:ollama
gayrettepe asansr kabn cikolt lekl,temizlik,7,fault_report,0,P4,3,yazim_yanlisi,relabel:ollama
"Menderes peronunda çöp kovası taraması yapıldı, içi boşaltılacak.",temizlik,7,fault_report,0,P4,3,standart,relabel:ollama
bostanci peron kose fare goruldu cop yan,temizlik,7,incident_report,1,P4,3,yazim_yanlisi,relabel:ollama
Toz tel örgü dolu havalandırma şaftı,temizlik,7,fault_report,0,P4,3,devrik,relabel:ollama
Yenikapı aktarma koridorundaki temizlik personel sayısının sabah vardiyasında artırılması hijyen standartlarını önemli ölçüde iyileştirecektir.,temizlik,7,suggestion,4,P4,3,standart,relabel:ollama
Boya damlaları yeni boyalı merdivelere dökülmüş,temizlik,7,fault_report,0,P4,3,devrik,relabel:ollama
"Alibeyköy Cep Otogarı tuvaletlerinde temizlik malzemesi tükenmiş, tedarik bekleniyor.",temizlik,7,complaint,3,P4,3,standart,relabel:ollama
Bilet holü büyük çöp kutusu.,temizlik,7,suggestion,4,P4,3,cok_kisa,relabel:ollama
Şişli peron 2 kenarı fasulye tabağı,temizlik,7,fault_report,0,P4,3,cok_kisa,relabel:ollama
"İTÜ-Ayazağa peronunda sigara izmaritleri birikmiş, periyodik temizlik sırasında toplanacak.",temizlik,7,fault_report,0,P4,3,standart,relabel:ollama
"İstasyonda koca koca fareler geziyor, rayların oradan perona çıktı bir tanesi ilaçlama yapılmıyor mu burada?",temizlik,7,fault_report,0,P4,3,,sentetik_ek_train
Kahve dökülmüş 2. peron kaygan zemin,temizlik,7,fault_report,0,P4,3,devrik,relabel:ollama
"Kartal peron sonundaki çöp konteyneri kapaklı, ama çöp üstünde yığılmış.",temizlik,7,fault_report,0,P4,3,standart,relabel:ollama
Yağlı su dökülmüş asansör kabini içi,temizlik,7,fault_report,0,P4,3,devrik,relabel:ollama
"Aksaray geçiş koridorunda sığara izmariti kokusu yoğun, havalandırma yetmiyor.",temizlik,7,complaint,3,P4,3,standart,relabel:ollama
Osmanbey istasyonunda gece vardiyası tuvalet kontrolünde temizlik eksikliği tespit edildi.,temizlik,7,complaint,3,P4,3,standart,relabel:ollama
bostanci grs ctak koku tuvalettn,temizlik,7,fault_report,0,P4,3,yazim_yanlisi,relabel:ollama
İzmarit birikimi bank arkası Kağıthane,temizlik,7,fault_report,0,P4,3,devrik,relabel:ollama
"Hacıosman istasyonu kuzey girişinde dökülen kola zemini kayganlaştırdı, temizlik ekibi çağrıldı.",temizlik,7,fault_report,0,P1,0,standart,relabel:ollama
Tüy ve saç yığılı asansör köşeleri,temizlik,7,fault_report,0,P4,3,devrik,relabel:ollama
Şişli personel tuvaleti idrar kokusu,temizlik,7,fault_report,0,P4,3,cok_kisa,relabel:ollama
Bostancı peron Bank-12 yanında kırık şişe,temizlik,7,fault_report,0,P3,2,cok_kisa,relabel:ollama
Kadıköy tuvalet lavabo musluğu kirli,temizlik,7,fault_report,0,P4,3,cok_kisa,relabel:ollama
"Kocatepe istasyonu tünel içinde kemirgen fecesleri görüldü, hijyen riski var.",temizlik,7,fault_report,0,P4,3,standart,relabel:ollama
Değişmeli çöp kovaları daha büyüklerle.,temizlik,7,suggestion,4,P4,3,devrik,relabel:ollama
"Erkekler tuvaletinde ne sıvı sabun kalmış ne de havlu kağıt var, lavabolar da leş gibi hiç temizlenmemiş.",temizlik,7,fault_report,0,P4,3,,sentetik_ek_train
Şişli tuvalet zemini sulu kirli,temizlik,7,fault_report,0,P3,2,cok_kisa,relabel:ollama
kirazli tuvalet zemn krl kagt dolu,temizlik,7,fault_report,0,P4,3,yazim_yanlisi,relabel:ollama
gayrettepe biletmtk yan fre goruldu,temizlik,7,incident_report,1,P4,3,yazim_yanlisi,relabel:ollama
sirkeci asansr kplrnda bnd yaprk klnt,temizlik,7,fault_report,0,P4,3,yazim_yanlisi,relabel:ollama
"Çobançeşme istasyonu peronunda fare izi takip edildi, tuzak yerleştirildi.",temizlik,7,fault_report,0,P4,3,standart,relabel:ollama
"Tuvaletlerin zeminine hep çamurlu ayaklarla basılmış, her yer vıcık vıcık kir ve pislik içinde girilecek gibi değil.",temizlik,7,fault_report,0,P4,3,,sentetik_ek_train
Vezneciler tuvalet aynası parmak izi lekeli,temizlik,7,fault_report,0,P4,3,cok_kisa,relabel:ollama
Şişe camları kırık 1. peron kenarı,temizlik,7,fault_report,0,P1,0,devrik,relabel:ollama
vezneciler peron yaprk cp brkmis,temizlik,7,fault_report,0,P4,3,yazim_yanlisi,relabel:ollama
Çöp kovası taşmış Taksim peron,temizlik,7,fault_report,0,P4,3,devrik,relabel:ollama
"Turnikelerden geçerken yere kahve veya yapışkan bir sıvı dökülmüş, zemin çok kaygan yaşlı biri kesin kayıp düşer.",temizlik,7,fault_report,0,P4,3,,sentetik_ek_train
Fare görüldü tren altı Kartal,temizlik,7,incident_report,1,P4,3,devrik,relabel:ollama
Boya spreyi kokusu kalıcı tünel geçidi,temizlik,7,complaint,3,P4,3,devrik,relabel:ollama
Kırık bardak parçeleri yolcü koltuğu altı,temizlik,7,fault_report,0,P1,0,devrik,relabel:ollama
"Bakırköy-Sahil peronunda dökülen şarap lekesi kokuyor, kimyasal temizlik lazım.",temizlik,7,fault_report,0,P3,2,standart,relabel:ollama
"İstasyon içindeki çöp kovaları ağzına kadar taşmış durumda, yerlerde boş içecek bardakları uçuşuyor çöp alınmamış.",temizlik,7,fault_report,0,P4,3,,sentetik_ek_train
Bağcılar gişe önü dökülen kahve,temizlik,7,fault_report,0,P4,3,cok_kisa,relabel:ollama
"Hacıosman B1 girişinde çöp kovası dolmuş, çöpler zemine dökülmüş.",temizlik,7,fault_report,0,P4,3,standart,relabel:ollama
Grafiti duvar peron uç Gayrettepe,temizlik,7,fault_report,0,P4,3,devrik,relabel:ollama
temizlik personeline daha guclu dezenfektan verilmeli hijyen acisindan.,temizlik,7,suggestion,4,P4,3,yazim_yanlisi,relabel:ollama
Kadıköy peron çöp kovası kapaklı ama dolu,temizlik,7,fault_report,0,P4,3,cok_kisa,relabel:ollama
kadikoy biletmtk ustu izmarit dolu,temizlik,7,fault_report,0,P4,3,yazim_yanlisi,relabel:ollama
Levent güney bilet holü çöp taşması,temizlik,7,fault_report,0,P4,3,cok_kisa,relabel:ollama
dort levent grs kat zmni cp,temizlik,7,fault_report,0,P4,3,yazim_yanlisi,relabel:ollama
Dondurma dökülmüş koltuk altı yapıştı,temizlik,7,fault_report,0,P4,3,devrik,relabel:ollama
"Topkapı peron duvarında grafiti çizilmiş, temizlenmesi için ekip yönlendirildi.",temizlik,7,fault_report,0,P4,3,standart,relabel:ollama
"Kirazlı istasyonu geçiş katında haşere sürüleri uçuşuyor, ilaçlama programlanacak.",temizlik,7,fault_report,0,P4,3,standart,relabel:ollama
Kum birikmiş giriş matları altı Esenler,temizlik,7,fault_report,0,P4,3,devrik,relabel:ollama
"Temizlik görevlileri o tekerlekli sarı temizlik arabasını geçiş yolunun ortasında bırakıp gitmiş, kalabalıkta ayak altı engelliyor.",temizlik,7,fault_report,0,P4,3,,sentetik_ek_train
Kartal asansör içi kusmuk temizlenmeli,temizlik,7,fault_report,0,P4,3,cok_kisa,relabel:ollama
dort levent peron yere dsen kam,temizlik,7,fault_report,0,P4,3,yazim_yanlisi,relabel:ollama
"Pendik metrosundaki çöp kovalarının bütünü ağzına kadar dolup taşmış, yerler döküntü ve atık içinde yürünmüyor.",temizlik,7,fault_report,0,P2,1,,manuel_hedefli:p2_dolayli_cogulluk
yenikapi guney cks divar graffiti boya izi,temizlik,7,fault_report,0,P4,3,yazim_yanlisi,relabel:ollama
"Oturakçı peronunda çöpler rüzgârla uçuşuyor, konteyner kapakları kapanmıyor.",temizlik,7,fault_report,0,P4,3,standart,relabel:ollama
Kadıköy peron Camden koltuğu graffiti,temizlik,7,fault_report,0,P4,3,cok_kisa,relabel:ollama
tzla peron cp ygni grs,temizlik,7,fault_report,0,P4,3,yazim_yanlisi,relabel:ollama
Turnike bölgesi YM-03 sigara külü,temizlik,7,fault_report,0,P4,3,cok_kisa,relabel:ollama
osmanbey peron dvr bya kalm grafiti,temizlik,7,fault_report,0,P4,3,yazim_yanlisi,relabel:ollama
Vezneciler tuvaletlerinde hijyenin korunması amacıyla kağıt havlu yerine yüksek hızlı el kurutma cihazları kullanılmalıdır.,temizlik,7,suggestion,4,P4,3,standart,relabel:ollama
Gazete dergisi dağınık bekleme alanları Ataköy,temizlik,7,fault_report,0,P4,3,devrik,relabel:ollama
Çöpten sıvı sızıyor peron altı kanal,temizlik,7,fault_report,0,P4,3,devrik,relabel:ollama
yenikapi peron fre kcn goruldu,temizlik,7,incident_report,1,P4,3,yazim_yanlisi,relabel:ollama
Çamur ayakkabılarından peron zeminine bulaştı,temizlik,7,fault_report,0,P4,3,devrik,relabel:ollama
Grafiti duvarlar peron duvarı Sanayi Mahallesi,temizlik,7,fault_report,0,P4,3,devrik,relabel:ollama
aractaki agir koku icin nezaman temizlik ekibi gelcek?,temizlik,7,information_request,2,P4,3,yazim_yanlisi,relabel:ollama
bostanci peron kse cp brkmis,temizlik,7,fault_report,0,P4,3,yazim_yanlisi,relabel:ollama
Süt dökülmüş vagon tabanı yaklaştırma alarmı,temizlik,7,fault_report,0,P4,3,devrik,relabel:ollama
kirazli asansr kabn ic cok krl,temizlik,7,fault_report,0,P4,3,yazim_yanlisi,relabel:ollama
Kusma izi var vagon geçişi temizlenmedi,temizlik,7,fault_report,0,P4,3,devrik,relabel:ollama
Kene viranı tespit edildi peron bankı altı,temizlik,7,incident_report,1,P4,3,devrik,relabel:ollama
Gerekli mobil temizlik ekibi hafta sonu.,temizlik,7,suggestion,4,P4,3,devrik,relabel:ollama
yenikapi peron skiz lekler cikmiyr,temizlik,7,fault_report,0,P4,3,yazim_yanlisi,relabel:ollama
Bostancı peron tren altı yağ damlaları,temizlik,7,fault_report,0,P4,3,cok_kisa,relabel:ollama
"Ataköy-Shirinevler istasyonunda duvara boyalı yazı, temizlik ekibi bilgilendirildi.",temizlik,7,fault_report,0,P4,3,standart,relabel:ollama
Kadıköy mezzanin çöp konteyneri yanında kutu,temizlik,7,fault_report,0,P4,3,cok_kisa,relabel:ollama
zeytnbrnu peron tuvalet kp krl,temizlik,7,fault_report,0,P4,3,yazim_yanlisi,relabel:ollama
"Alt geçit buram buram idrar kokuyor, sanırım gece evsizler köşeye tuvaletini yapmış lütfen temizleyin.",temizlik,7,fault_report,0,P4,3,,sentetik_ek_train
Şişli personel kapısı önü haşere görüldü,temizlik,7,incident_report,1,P4,3,cok_kisa,relabel:ollama
Plastik poşetler uçuşuyor peron rüzgarıyla,temizlik,7,fault_report,0,P4,3,devrik,relabel:ollama
"Oturma banklarının altı çekirdek kabuğu kaynıyor, dün akşamdan beri bir kişi bile süpürmemiş belli ki.",temizlik,7,fault_report,0,P4,3,,sentetik_ek_train
"Kağıthane istasyonu tünel ağzında fare görüldü, derinleştirme ilacı talep edildi.",temizlik,7,fault_report,0,P4,3,standart,relabel:ollama
"Yürüyen yolun cam kenarlarında aydınlatma diplerinde hep toz ve örümcek ağları birikmiş, aylardır toz alınmıyor herhalde.",temizlik,7,fault_report,0,P4,3,,sentetik_ek_train
Kadıköy peronda çöp konteyneri taşmış,temizlik,7,fault_report,0,P4,3,cok_kisa,relabel:ollama
"Molla Gürani tuvalet kapısı kilitleyici bozuk değil, içi pislikten kullanılamıyor.",temizlik,7,complaint,3,P4,3,standart,relabel:ollama
Çöp kovası dolu çöp yere dökülmüş Esenler,temizlik,7,fault_report,0,P4,3,devrik,relabel:ollama
Şişhane koridorunda fare görüldü acil,temizlik,7,incident_report,1,P4,3,cok_kisa,relabel:ollama
Bostancı A1 giriş tuvalet banyo kağıtı yok,temizlik,7,fault_report,0,P4,3,cok_kisa,relabel:ollama
Sakız yeri koltuk altı Hacıosman,temizlik,7,fault_report,0,P4,3,devrik,relabel:ollama
"Gayrettepe mezzanin katında sakız lekeleri zeminde çoklu, makine ile alınacak.",temizlik,7,fault_report,0,P4,3,standart,relabel:ollama
Bostancı peron bankı altı çöp yığınlı,temizlik,7,fault_report,0,P4,3,cok_kisa,relabel:ollama
Şişli üst katağıda dökülen kahve lekesi,temizlik,7,fault_report,0,P4,3,cok_kisa,relabel:ollama
Kozyatağı istasyonu acil çıkış kapısı önünde bulunan atıklar tahliye koridorunu engellemektedir.,temizlik,7,fault_report,0,P1,0,standart,relabel:ollama
taksim tuvalet kabn ic idrar lekesi koku,temizlik,7,fault_report,0,P4,3,yazim_yanlisi,relabel:ollama
Kokulu atık torbası unutulmuş koltuk arası,temizlik,7,fault_report,0,P4,3,devrik,relabel:ollama
Sıvı sabun dökülmüş tuvalet girişi kaygan,temizlik,7,fault_report,0,P4,3,devrik,relabel:ollama
Bostancı B2 tuvaleti koku şikayeti,temizlik,7,complaint,3,P4,3,cok_kisa,relabel:ollama
Vezneciler tuvalet havalandırma şaftı tozlu,temizlik,7,fault_report,0,P4,3,cok_kisa,relabel:ollama
Tuvaletlere sensörlü koku makinesi.,temizlik,7,suggestion,4,P4,3,cok_kisa,relabel:ollama
cop kutularina kapak takilirsa kotu koku yayilmasi engellenmis olur.,temizlik,7,suggestion,4,P4,3,yazim_yanlisi,relabel:ollama
"Gişelerin oradaki zemin vıcık vıcık yapış yapış, ayakkabım yapışıyor yürürken muhtemelen kola dökülüp kurumuş.",temizlik,7,fault_report,0,P4,3,,sentetik_ek_train
Pendik istasyonu geçişinde dökülen meyve suyu mide bulandırıcısı kokuyor.,temizlik,7,fault_report,0,P4,3,standart,relabel:ollama
Otomatik kapı rayı kirli,temizlik,7,fault_report,0,P4,3,cok_kisa,relabel:ollama
mahmutbey yuryen merdvn yag kaygn,temizlik,7,fault_report,0,P1,0,yazim_yanlisi,relabel:ollama
Haliç metro köprüsü giriş katında güvercin dışkileri ve tüyleri birikmiş.,temizlik,7,fault_report,0,P4,3,standart,relabel:ollama
kartal asansr ic idrr koku gclu,temizlik,7,fault_report,0,P4,3,yazim_yanlisi,relabel:ollama
Sağmalcılar peron duvarına spray boyası ile çizim yapılmış.,temizlik,7,fault_report,0,P4,3,standart,relabel:ollama
Şişli güney çıkış merdiveni çöp dağınık,temizlik,7,fault_report,0,P4,3,cok_kisa,relabel:ollama
Yalova kapısı önü kutular var,temizlik,7,fault_report,0,P4,3,cok_kisa,relabel:ollama
"Şişhane mezzanin bilet holünde çöp kovası taşmış, katlı ambalajlar yere yayılmış durumda.",temizlik,7,fault_report,0,P4,3,standart,relabel:ollama
"Perondaki çöp tenekesinin etrafı karınca kaynıyor, dondurma gibi şekerli bir şey dökülmüş herhalde temizlenmesi lazım.",temizlik,7,fault_report,0,P4,3,,sentetik_ek_train
"Pendik peronunda sigara izmariti ve kabuk birikimi, süpürme gerekli.",temizlik,7,fault_report,0,P4,3,standart,relabel:ollama
Koku şiddetli üst geçit túneli Vezneciler,temizlik,7,complaint,3,P4,3,devrik,relabel:ollama
"Bebek bakım odasının çöp kovası taşmış, içerisi çok ağır kullanılmış bebek bezi kokuyor havalandırılmamış.",temizlik,7,fault_report,0,P4,3,,sentetik_ek_train
Personel eksikliği çıkış,yolcu_hizmetleri,8,complaint,3,P4,3,cok_kisa,relabel:ollama
Personel eksikligi sefer,yolcu_hizmetleri,8,complaint,3,P4,3,cok_kisa,relabel:ollama
Çalışıyor mu hat şu an kesintisiz?,yolcu_hizmetleri,8,information_request,2,P4,3,devrik,relabel:ollama
Hat çalışıyor mu şu an?,yolcu_hizmetleri,8,information_request,2,P4,3,cok_kisa,relabel:ollama
"Yenikapı yönlü sefer iptal edildi, yolcular bir sonraki trene yönlendirildi.",yolcu_hizmetleri,8,fault_report,0,P2,1,standart,relabel:ollama
"Üsküdar yönlü sefer iptal edildi, yolcular bir sonraki trene yönlendirildi.",yolcu_hizmetleri,8,fault_report,0,P2,1,standart,relabel:gemini
Sefer gecikmesi şimdi,yolcu_hizmetleri,8,fault_report,0,P2,1,cok_kisa,relabel:ollama
Sefer gecikmesi Kirazlı,yolcu_hizmetleri,8,fault_report,0,P3,2,cok_kisa,relabel:ollama
Taksim istasyonunda yolcu yoğunluğu nedeniyle seferler gecikmiştir.,yolcu_hizmetleri,8,fault_report,0,P3,2,standart,relabel:ollama
Kadıköy istasyonunda peron yoğunluğu nedeniyle seferler gecikmiştir.,yolcu_hizmetleri,8,fault_report,0,P2,1,standart,relabel:gemini
"Göztepe istasyonunda yanlış anons yapıldı, yolcular yanlış yöne yönlendirildi.",yolcu_hizmetleri,8,fault_report,0,P3,2,standart,relabel:ollama
"Ekran cam gibi parlak çalışıyor ama tren saati yazmıyor, sadece belediye reklamları dönüp duruyor.",yolcu_hizmetleri,8,fault_report,0,P4,3,,manuel_hedefli:hard_negative_sinyalizasyon_yolcu
Son sefer kalkış,yolcu_hizmetleri,8,information_request,2,P4,3,cok_kisa,relabel:ollama
Girişlere sefer durumu ekranı,yolcu_hizmetleri,8,suggestion,4,P4,3,cok_kisa,relabel:ollama
Yenikapı istasyonundaki peron bilgi ekranlarına bir sonraki trenin doluluk oranının eklenmesi yolcu dağılımını iyileştirebilir.,yolcu_hizmetleri,8,suggestion,4,P4,3,standart,relabel:ollama
Seyrantepe peron bilgilendirme ekranları son sefer saatini gösteriyor.,yolcu_hizmetleri,8,fault_report,0,P3,2,standart,relabel:ollama
Peron bos tren gelmedi bostanci bekliyoruz,yolcu_hizmetleri,8,fault_report,0,P2,1,yazim_yanlisi,relabel:ollama
Yoğunluk yüzünden seferler seyreltildi Yenikapı,yolcu_hizmetleri,8,fault_report,0,P2,1,devrik,relabel:ollama
Üsküdar istasyonunda yönlendirme personeli bulunmadığı için karışıklık oldu.,yolcu_hizmetleri,8,complaint,3,P4,3,standart,relabel:ollama
Peron yoğunluk uyarısı şart,yolcu_hizmetleri,8,suggestion,4,P4,3,cok_kisa,relabel:ollama
Servis başlangıcı gecikti,yolcu_hizmetleri,8,complaint,3,P4,3,cok_kisa,relabel:ollama
Levent istasyonunda personel eksikliği nedeniyle seferler gecikmiştir.,yolcu_hizmetleri,8,incident_report,1,P2,1,standart,relabel:ollama
Personel gelmedi sefer iptal Atatürk Oto Sanayi,yolcu_hizmetleri,8,fault_report,0,P2,1,devrik,relabel:ollama
Pano yanlış güney çıkış Osmanbey,yolcu_hizmetleri,8,fault_report,0,P4,3,devrik,relabel:ollama
Sefer gecikmesi tekrarlanıyor sabahları Olimpiyat,yolcu_hizmetleri,8,complaint,3,P4,3,devrik,relabel:ollama
"Hacıosman istasyonundaki yolcu bilgilendirme ekranlarının hepsi dondu kaldı, tren saatleri gözükmediği için akış aksıyor.",yolcu_hizmetleri,8,fault_report,0,P2,1,,manuel_hedefli:p2_dolayli_cogulluk
"Sanayi Mahallesi yönlü sefer gecikti, herhangi anons yapılmadı.",yolcu_hizmetleri,8,complaint,3,P2,1,standart,relabel:ollama
Engelli yolcu yardim personeli yok ataturkoto,yolcu_hizmetleri,8,complaint,3,P4,3,yazim_yanlisi,relabel:ollama
Peron dolu giriş kapatıldı Esenler,yolcu_hizmetleri,8,incident_report,1,P2,1,devrik,relabel:ollama
Bostancı istasyonunda sefer gecikmesinin nedeni bildirilmemiştir.,yolcu_hizmetleri,8,complaint,3,P2,1,standart,relabel:ollama
Yönlendirme personeli yok yoğunlukta Üsküdar,yolcu_hizmetleri,8,complaint,3,P4,3,devrik,relabel:ollama
Yonlendirme personeli ayrildi bostanci yolcu yandi,yolcu_hizmetleri,8,complaint,3,P4,3,yazim_yanlisi,relabel:ollama
PID ekranı dondu,yolcu_hizmetleri,8,fault_report,0,P4,3,cok_kisa,relabel:ollama
Personel mola sefer bekletildi Sanayi,yolcu_hizmetleri,8,complaint,3,P4,3,devrik,relabel:ollama
haciosman seferler seyrelti sabah yogunlugunda,yolcu_hizmetleri,8,complaint,3,P2,1,yazim_yanlisi,relabel:ollama
"Uzunçayır istasyonunda sefer seyreltildi, yolcular peronda uzun süre bekledi.",yolcu_hizmetleri,8,incident_report,1,P2,1,standart,relabel:ollama
ses cok az geliyo hicbisey duyulmuyo ne zaman duzeltilicek bu?,yolcu_hizmetleri,8,information_request,2,P4,3,yazim_yanlisi,relabel:ollama
Yenikapı peron 2 PID boş görünüyor,yolcu_hizmetleri,8,fault_report,0,P3,2,cok_kisa,relabel:ollama
Ne zaman düzelecek peron ekranındaki yanlış bilgi?,yolcu_hizmetleri,8,information_request,2,P4,3,devrik,relabel:ollama
Güvenlik görevlisi anons cihazından yolcuları yönlendirmek yerine kendi arasında muhabbet ediyor.,yolcu_hizmetleri,8,complaint,3,P4,3,,manuel_hedefli:hard_negative_sinyalizasyon_yolcu
Peron kalabalık Kirazlı,yolcu_hizmetleri,8,complaint,3,P4,3,cok_kisa,relabel:ollama
kartal pid ekranlari sifirlandi saat yanlis,yolcu_hizmetleri,8,fault_report,0,P4,3,yazim_yanlisi,relabel:ollama
"Ümraniye yönlendirme tabelalarının tamamı arızalı ve kapalı, yabancı turistler sürekli yanlış perona iniyor.",yolcu_hizmetleri,8,fault_report,0,P2,1,,manuel_hedefli:p2_dolayli_cogulluk
sisli yonunde seferlerin gecikme sebebi hakkinda anons yapilcakmi?,yolcu_hizmetleri,8,information_request,2,P4,3,yazim_yanlisi,relabel:ollama
Ekranlara varış saati eklensin,yolcu_hizmetleri,8,suggestion,4,P4,3,cok_kisa,relabel:ollama
Yenikapı istasyonunda peron bilgi ekranlarındaki sefer saatlerinin güncel durumu hakkında ne zaman açıklama yapılacak?,yolcu_hizmetleri,8,information_request,2,P4,3,standart,relabel:ollama
Hava durumu sefer,yolcu_hizmetleri,8,information_request,2,P4,3,cok_kisa,relabel:ollama
Sefer gecikmesi surekli kadikoy aciklama isteniyor,yolcu_hizmetleri,8,information_request,2,P2,1,yazim_yanlisi,relabel:ollama
Levent istasyonunda sefer iptali sebebi yolculara açıklanmadı.,yolcu_hizmetleri,8,complaint,3,P2,1,standart,relabel:ollama
Yönlendirme tabelası eksik yolcular kayboldu Şişhane,yolcu_hizmetleri,8,fault_report,0,P4,3,devrik,relabel:ollama
sisli peronuna daha buyuk bilgilendirme ekrani lazim yolcu goremiyo,yolcu_hizmetleri,8,suggestion,4,P4,3,yazim_yanlisi,relabel:ollama
Tarife değişikliği yolcular habersiz Olimpiyat,yolcu_hizmetleri,8,complaint,3,P4,3,devrik,relabel:ollama
Anons yanlis peron belirtildi sisane yolcu kaldi,yolcu_hizmetleri,8,fault_report,0,P4,3,yazim_yanlisi,relabel:ollama
Peron değişikliği anons yapılmadı Bayrampaşa,yolcu_hizmetleri,8,fault_report,0,P3,2,devrik,relabel:ollama
Sefer gecikti neden anons yok Kadıköy,yolcu_hizmetleri,8,complaint,3,P4,3,devrik,relabel:ollama
Gecikme nedeni bilinmiyor,yolcu_hizmetleri,8,complaint,3,P3,2,cok_kisa,relabel:ollama
Anons eksik yolcular bekliyor Şişhane,yolcu_hizmetleri,8,fault_report,0,P4,3,devrik,relabel:ollama
Kadıköy istasyonunda akşam yoğun saatlerde anons ses seviyesinin ortam gürültüsüne göre otomatik ayarlanması faydalı olacaktır.,yolcu_hizmetleri,8,suggestion,4,P4,3,standart,relabel:ollama
Peron bilgisi doğru mu?,yolcu_hizmetleri,8,information_request,2,P4,3,cok_kisa,relabel:ollama
"Mahmutbey yönlü tren gelmedi, yolcular bir sonraki sefere alındı.",yolcu_hizmetleri,8,incident_report,1,P2,1,standart,relabel:ollama
Sefer sayısı azaltıldı,yolcu_hizmetleri,8,fault_report,0,P2,1,cok_kisa,relabel:ollama
Sanayi Mahallesi PID saat kayması,yolcu_hizmetleri,8,fault_report,0,P4,3,cok_kisa,relabel:ollama
Seferler seyreltildi kadikoy yo gunluk saglam,yolcu_hizmetleri,8,fault_report,0,P2,1,yazim_yanlisi,relabel:ollama
"Ekran sorunsuz çalışıyor ana menüde duruyor ama sefer bilgisi kısmı bomboş, bilgi akışı yok.",yolcu_hizmetleri,8,fault_report,0,P4,3,,manuel_hedefli:hard_negative_sinyalizasyon_yolcu
Vardiya değişimi gecikme,yolcu_hizmetleri,8,complaint,3,P4,3,cok_kisa,relabel:ollama
Levent asansör önü ekran dondu,yolcu_hizmetleri,8,fault_report,0,P3,2,cok_kisa,relabel:ollama
Vezneciler tünel ağzındaki yönlendirme tabelalarının fosforlu renklerle güncellenmesi yaşlı yolcular için büyük kolaylık sağlayacaktır.,yolcu_hizmetleri,8,suggestion,4,P4,3,standart,relabel:ollama
Mahmutbey aktarma katı PID sistemde dil seçeneği değişmiyor.,yolcu_hizmetleri,8,fault_report,0,P4,3,standart,relabel:ollama
Yo gun saatinde sefer yok yenikapi,yolcu_hizmetleri,8,complaint,3,P2,1,yazim_yanlisi,relabel:ollama
Üsküdar peronunda personel eksiliği nedeniyle çıkış yönlendirmesi yapılamamıştır.,yolcu_hizmetleri,8,complaint,3,P4,3,standart,relabel:ollama
Mecidiyeköy koridor PID sistemde yenileme hatası veriyor.,yolcu_hizmetleri,8,fault_report,0,P3,2,standart,relabel:ollama
sabah vardiyasinda neden bu kadar cok sefer iptali oluyo?,yolcu_hizmetleri,8,complaint,3,P2,1,yazim_yanlisi,relabel:ollama
levent asansor onü pid sefer saati yanlis,yolcu_hizmetleri,8,fault_report,0,P4,3,yazim_yanlisi,relabel:ollama
Personel eksigi peron kapatildi uskudar acil,yolcu_hizmetleri,8,incident_report,1,P2,1,yazim_yanlisi,relabel:ollama
peron ekranindaki yazi boyutu kucuk kalio buyutulmesi onerimdir,yolcu_hizmetleri,8,suggestion,4,P4,3,yazim_yanlisi,relabel:ollama
"Olimpiyat PID ekranları sefer yönü ters gösteriyor, veri hatası.",yolcu_hizmetleri,8,fault_report,0,P3,2,standart,relabel:ollama
"Yolcu bilgilendirme anonsu yapılmamış, yolcular yanlış perona yönelmiştir.",yolcu_hizmetleri,8,fault_report,0,P3,2,standart,relabel:gemini
Tren ne zaman gelir?,yolcu_hizmetleri,8,information_request,2,P4,3,cok_kisa,relabel:ollama
Yanlis yon anonsu,yolcu_hizmetleri,8,complaint,3,P4,3,cok_kisa,relabel:ollama
Eklensin İngilizce anonslar turist yoğunluğunda,yolcu_hizmetleri,8,suggestion,4,P4,3,devrik,relabel:ollama
Ataköy istasyonunda sabah vardiyasında yaşanan sefer gecikmeleri için yolculara bir özür anonsu geçilecek mi?,yolcu_hizmetleri,8,information_request,2,P2,1,standart,relabel:ollama
Bostancı istasyonunda asansör önü tabelalarına asansörün hangi kata çıktığını gösteren simgeler eklenmesi karmaşayı önler.,yolcu_hizmetleri,8,suggestion,4,P4,3,standart,relabel:ollama
"Durak tabelası sökülmüş yerinde yok, hangi durakta olduğumuzu göremiyoruz yönlendirme eksik.",yolcu_hizmetleri,8,fault_report,0,P4,3,,manuel_hedefli:hard_negative_sinyalizasyon_yolcu
Yönlendirme levhaları yenilenmeli,yolcu_hizmetleri,8,suggestion,4,P4,3,cok_kisa,relabel:ollama
Anonslar daha sık yapılmalı,yolcu_hizmetleri,8,suggestion,4,P4,3,cok_kisa,relabel:ollama
Şişli istasyonunda tarife uyuşmazlığı sonucu yolcu şikayetleri alındı.,yolcu_hizmetleri,8,complaint,3,P4,3,standart,relabel:ollama
Ayrılık Çeşmesi istasyonunda bilet alma noktasında sıkışıklık yaşandı.,yolcu_hizmetleri,8,complaint,3,P4,3,standart,relabel:ollama
Bilet holü personel yok Ataköy,yolcu_hizmetleri,8,complaint,3,P4,3,devrik,relabel:ollama
Peron ekranı saat hatalı,yolcu_hizmetleri,8,fault_report,0,P4,3,cok_kisa,relabel:ollama
Peron kalabaligi Uzuncayir,yolcu_hizmetleri,8,complaint,3,P4,3,cok_kisa,relabel:ollama
"Anons yok, yolcular şaşırdı Şişli.",yolcu_hizmetleri,8,fault_report,0,P3,2,devrik,relabel:gemini
Yonlendirme yok cikis bulunamadi kartal karisik,yolcu_hizmetleri,8,fault_report,0,P4,3,yazim_yanlisi,relabel:ollama
"Kartal peronunda yolcu inişi gecikti, sefer kayması oldu.",yolcu_hizmetleri,8,incident_report,1,P2,1,standart,relabel:ollama
Kozyatağı istasyonunda peron değişikliği için anons yapılmamıştır.,yolcu_hizmetleri,8,fault_report,0,P3,2,standart,relabel:ollama
"Gayrettepe yönlü tren gelmedi, yolcular beklemeye alındı.",yolcu_hizmetleri,8,incident_report,1,P2,1,standart,relabel:ollama
Sefer gecikmesi sürekli Atatürk Oto Sanayi,yolcu_hizmetleri,8,complaint,3,P4,3,devrik,relabel:ollama
Peron PID'si boş,yolcu_hizmetleri,8,fault_report,0,P4,3,cok_kisa,relabel:ollama
Anons yanlış yönlendirme yapıldı Kirazlı,yolcu_hizmetleri,8,fault_report,0,P4,3,devrik,relabel:ollama
"Anons pırıl pırıl duyuluyor ama adam sürekli M4 hattı arızası diyor, biz M5'teyiz yanlış bilgi veriyor.",yolcu_hizmetleri,8,fault_report,0,P4,3,,manuel_hedefli:hard_negative_sinyalizasyon_yolcu
Sefer iptal Levent,yolcu_hizmetleri,8,fault_report,0,P2,1,cok_kisa,relabel:ollama
Bisiklet taşıma reddi,yolcu_hizmetleri,8,complaint,3,P4,3,cok_kisa,relabel:ollama
atakoy istasyonunda sefer saati neden gorunmuyo nezaman gelcek tren?,yolcu_hizmetleri,8,information_request,2,P4,3,yazim_yanlisi,relabel:ollama
Yanlış tabela yönlendirme,yolcu_hizmetleri,8,complaint,3,P4,3,cok_kisa,relabel:ollama
Bilet kontrolü yoğunluk,yolcu_hizmetleri,8,complaint,3,P4,3,cok_kisa,relabel:ollama
gayrettepe tabela karisik yolcu yanlis yon,yolcu_hizmetleri,8,complaint,3,P4,3,yazim_yanlisi,relabel:ollama
Sanayi Mahallesi istasyonunda seferler neden bildirilmeksizin gecikti.,yolcu_hizmetleri,8,complaint,3,P2,1,standart,relabel:ollama
levent pid ekranlari sefer saati guncelenmiyor,yolcu_hizmetleri,8,fault_report,0,P4,3,yazim_yanlisi,relabel:ollama
sisane sefer iptal anons yok,yolcu_hizmetleri,8,fault_report,0,P2,1,yazim_yanlisi,relabel:ollama
Sefer iptali var mı?,yolcu_hizmetleri,8,information_request,2,P4,3,cok_kisa,relabel:ollama
Hangi yöne gidiyor bu yanlış tabelalar?,yolcu_hizmetleri,8,information_request,2,P4,3,devrik,relabel:ollama
Yolcudan sikayet alinmiyor gayrettepe yetkili yok,yolcu_hizmetleri,8,complaint,3,P4,3,yazim_yanlisi,relabel:ollama
acil durum duyurulari daha anlasilir kelimelerle yeniden duzenlenmeli bence,yolcu_hizmetleri,8,suggestion,4,P4,3,yazim_yanlisi,relabel:ollama
Seferler arası süre uzadı İTÜ,yolcu_hizmetleri,8,complaint,3,P4,3,devrik,relabel:ollama
levent pid ekranlari dondu saat gostermiyor,yolcu_hizmetleri,8,fault_report,0,P4,3,yazim_yanlisi,relabel:ollama
Tren gelmiyor esenler hatta gecikme var,yolcu_hizmetleri,8,fault_report,0,P2,1,yazim_yanlisi,relabel:ollama
Anons yok sefer saati belirsiz Yenikapı,yolcu_hizmetleri,8,fault_report,0,P3,2,devrik,relabel:ollama
Peron cok kalabalik sisane yonlendirme yok,yolcu_hizmetleri,8,complaint,3,P4,3,yazim_yanlisi,relabel:ollama
PID yönetim paneli erişilemiyor,yolcu_hizmetleri,8,fault_report,0,P3,2,cok_kisa,relabel:ollama
goztepe peron pid reklam modunda takildi kaldi,yolcu_hizmetleri,8,fault_report,0,P4,3,yazim_yanlisi,relabel:ollama
Peron kalabalik Gayrettepe.,yolcu_hizmetleri,8,fault_report,0,P3,2,cok_kisa,relabel:gemini
Acil durum anonsu,yolcu_hizmetleri,8,information_request,2,P4,3,cok_kisa,relabel:ollama
Gerekiyor ek tabela Bağcılar güney çıkış bilet holüne.,yolcu_hizmetleri,8,suggestion,4,P4,3,devrik,relabel:ollama
Yolcu yönlendirme kaos,yolcu_hizmetleri,8,complaint,3,P4,3,cok_kisa,relabel:ollama
"Acil durum anonsu geçtiler ama ses o kadar kısıktı ki kimse duymadı, panik yaşadık.",yolcu_hizmetleri,8,fault_report,0,P4,3,,manuel_hedefli:hard_negative_sinyalizasyon_yolcu
yenikapi aktarma koridoru yonlendirme tabelalari eksik ne zaman takilacak?,yolcu_hizmetleri,8,information_request,2,P4,3,yazim_yanlisi,relabel:ollama
Sefer iptal nedeni anons edilmedi Taksim,yolcu_hizmetleri,8,complaint,3,P4,3,devrik,relabel:ollama
Yönlendirme personeli yok kalabalık Vezneciler,yolcu_hizmetleri,8,complaint,3,P4,3,devrik,relabel:ollama
"Sanayi Mahallesi peron PID ekranları İngilizce dilde kaldı, değişmiyor.",yolcu_hizmetleri,8,fault_report,0,P4,3,standart,relabel:ollama
bogazici uni pid reklam dondu sefer yok,yolcu_hizmetleri,8,fault_report,0,P4,3,yazim_yanlisi,relabel:ollama
Tabela eksik yolcular kayboldu Şişli kuzey,yolcu_hizmetleri,8,fault_report,0,P4,3,devrik,relabel:ollama
Taksim peron PID ekranlarında sefer saati donduruldu.,yolcu_hizmetleri,8,fault_report,0,P3,2,standart,relabel:ollama
Sefer seyreltilmiş akşam,yolcu_hizmetleri,8,fault_report,0,P2,1,cok_kisa,relabel:ollama
Tabela karışıklığı güney çıkış Kadıköy,yolcu_hizmetleri,8,fault_report,0,P4,3,devrik,relabel:ollama
Peron yönlendirme panosu duvardan düştü,yolcu_hizmetleri,8,fault_report,0,P4,3,cok_kisa,relabel:ollama
Sefer iptal yazdirilmedi,yolcu_hizmetleri,8,complaint,3,P4,3,cok_kisa,relabel:ollama
Bağcılar hattında sefer iptalleri yaşanırken peron ekranlarında neden hala sefer varmış gibi bilgi görünüyor?,yolcu_hizmetleri,8,complaint,3,P2,1,standart,relabel:ollama
Gelsin peron ekranına sefer süreleri,yolcu_hizmetleri,8,suggestion,4,P4,3,devrik,relabel:ollama
Turnike geçiş sıkışıklığı,yolcu_hizmetleri,8,complaint,3,P4,3,cok_kisa,relabel:ollama
Taksim peron alanındaki izdihamı yönetmek adına yoğun saatlerde peron girişlerine kontrollü geçiş sistemi getirilmelidir.,yolcu_hizmetleri,8,suggestion,4,P4,3,standart,relabel:ollama
Şirinevler istasyonunda peron yoğunluğunu azaltmak adına alternatif güzergah bilgilerinin anons sistemine dahil edilmesi önerilmektedir.,yolcu_hizmetleri,8,suggestion,4,P4,3,standart,relabel:ollama
Sefer iptali art arda ikinci Levent,yolcu_hizmetleri,8,fault_report,0,P2,1,devrik,relabel:ollama
Bilgi deskiboş personel,yolcu_hizmetleri,8,complaint,3,P4,3,cok_kisa,relabel:ollama
"Gişedeki görevliye tren neden durdu diye soruyoruz, yüzümüze bakıp hiçbir bilgi vermiyor.",yolcu_hizmetleri,8,complaint,3,P4,3,,manuel_hedefli:hard_negative_sinyalizasyon_yolcu
Yolcu şikayeti kayıt,yolcu_hizmetleri,8,complaint,3,P4,3,cok_kisa,relabel:ollama
Bağcılar peron PID ekranlarında yön bilgisi yanlış yön gösteriyor.,yolcu_hizmetleri,8,fault_report,0,P4,3,standart,relabel:ollama
Şişli-Mecidiyeköy PID ekranlarında sefer bilgileri güncellenmiyor.,yolcu_hizmetleri,8,fault_report,0,P3,2,standart,relabel:gemini
Sefer gelmedi açıklama yok Mahmutbey,yolcu_hizmetleri,8,fault_report,0,P2,1,devrik,relabel:ollama
Şişhane PID yer istasyonu adı yazmıyor,yolcu_hizmetleri,8,fault_report,0,P4,3,devrik,relabel:ollama
Konulmalı büyük levhalar Marmaray aktarmasına,yolcu_hizmetleri,8,suggestion,4,P4,3,devrik,relabel:ollama
Şişli istasyonu güney çıkışındaki yönlendirme tabelalarının eksikliği konusunda yolculara nasıl bir bilgilendirme sağlanacak?,yolcu_hizmetleri,8,information_request,2,P4,3,standart,relabel:ollama
Ne zaman azalır bu peron yoğunluğu?,yolcu_hizmetleri,8,information_request,2,P4,3,devrik,relabel:ollama
Kadıköy PID pasif,yolcu_hizmetleri,8,fault_report,0,P3,2,cok_kisa,relabel:ollama
Uzunçayır peronunda ses seviyesinin yetersiz olması sebebiyle anonsların duyulmadığına dair geri bildirim ne zaman incelenecek?,yolcu_hizmetleri,8,information_request,2,P4,3,standart,relabel:ollama
"Tavşantepe istasyonunda sefer iptali yapıldı, yolcular bilgilendirildi.",yolcu_hizmetleri,8,incident_report,1,P2,1,standart,relabel:ollama
Mecidiyeköy 2. peron PID ekranında sefer saati yanlış görüntüleniyor.,yolcu_hizmetleri,8,fault_report,0,P4,3,standart,relabel:ollama
Yolcu yonlendirme hatasi Atakoy,yolcu_hizmetleri,8,complaint,3,P4,3,cok_kisa,relabel:ollama
Sefer seyreltildi personel eksliği Gayrettepe,yolcu_hizmetleri,8,fault_report,0,P2,1,devrik,relabel:ollama
Sefer iptal nedeni anlasilmiyor kartal,yolcu_hizmetleri,8,information_request,2,P2,1,yazim_yanlisi,relabel:ollama
Kadıköy istasyonunda seferler tarife değişikliği sebebiyle seyreltildi.,yolcu_hizmetleri,8,fault_report,0,P2,1,standart,relabel:ollama
Osmanbey peronunda eksik bilgilendirme yolcu karışıklığına yol açtı.,yolcu_hizmetleri,8,complaint,3,P4,3,standart,relabel:ollama
Anons yapilmiyor yolcular bilgisiz bekliyor topkapi,yolcu_hizmetleri,8,fault_report,0,P3,2,yazim_yanlisi,relabel:ollama
Şişhane alt kat geçitinde yönlendirme tabelası karışıklığına yolcu şikayeti geldi.,yolcu_hizmetleri,8,complaint,3,P4,3,standart,relabel:ollama
Kadıköy peronunda anons eksikliği yolcu kaosuna neden oldu.,yolcu_hizmetleri,8,fault_report,0,P3,2,standart,relabel:ollama
Gelmedi mi hala beklenen 07:20 treni?,yolcu_hizmetleri,8,information_request,2,P4,3,devrik,relabel:ollama
Bostancı istasyonunda anons yapılmaması sonucu yolcular yanlış perona yönelmiştir.,yolcu_hizmetleri,8,fault_report,0,P3,2,standart,relabel:ollama
Perona dijital harita eklenmeli,yolcu_hizmetleri,8,suggestion,4,P4,3,cok_kisa,relabel:ollama
Sefer gecikti yolcular peronda Otogar,yolcu_hizmetleri,8,fault_report,0,P3,2,devrik,relabel:ollama
Kağıthane istasyonunda sabah vardiyasında sefer gecikmesi nedeni açıklanmadı.,yolcu_hizmetleri,8,complaint,3,P2,1,standart,relabel:ollama
Kartal istasyonunda bilet holü yoğunluğu sefer gecikmesine neden oldu.,yolcu_hizmetleri,8,fault_report,0,P3,2,standart,relabel:ollama
Pendik istasyonunda sefer saatleri tarifeye uygun değildi.,yolcu_hizmetleri,8,complaint,3,P4,3,standart,relabel:ollama
bostanci gecikme anonsu yok yolcu bekliyor,yolcu_hizmetleri,8,complaint,3,P2,1,yazim_yanlisi,relabel:ollama
Tabela karisik yon bulamiyoruz aksaray,yolcu_hizmetleri,8,complaint,3,P4,3,yazim_yanlisi,relabel:ollama
Anons yok yolcular yanlış perona indi,yolcu_hizmetleri,8,fault_report,0,P4,3,devrik,relabel:ollama
Levent istasyonu bilet holü girişine entegre ulaşım haritalarının eklenmesi aktarma yapacak yolculara zaman kazandıracaktır.,yolcu_hizmetleri,8,suggestion,4,P4,3,standart,relabel:ollama
Peron değişimi anons edilmedi Seyrantepe,yolcu_hizmetleri,8,fault_report,0,P4,3,devrik,relabel:ollama
pid ekranlari dondu sefer bilgisi gelmiyor,yolcu_hizmetleri,8,fault_report,0,P3,2,yazim_yanlisi,relabel:gemini
yenikapi personel az cikis yonetilmiyor,yolcu_hizmetleri,8,complaint,3,P4,3,yazim_yanlisi,relabel:ollama
Aksaray yönlü seferler tarife uygulamasından dolayı seyreltildi.,yolcu_hizmetleri,8,incident_report,1,P2,1,standart,relabel:ollama
Haliç peronunda sefer iptal edilmesi yolcuların tepkisine neden oldu.,yolcu_hizmetleri,8,incident_report,1,P2,1,standart,relabel:ollama
Yapılacak mı gecikme anonsu peron genelinde?,yolcu_hizmetleri,8,information_request,2,P4,3,devrik,relabel:ollama
levent pid yonlendirme yanlis istasyon gosteriyor,yolcu_hizmetleri,8,fault_report,0,P4,3,yazim_yanlisi,relabel:ollama
Sefer saatinde degil sanayi surekli gecikme,yolcu_hizmetleri,8,complaint,3,P3,2,yazim_yanlisi,relabel:ollama
peron ekrani neden yanlis bilgi veriyo bi kontrol edermisiniz?,yolcu_hizmetleri,8,information_request,2,P4,3,yazim_yanlisi,relabel:ollama
Tren içi ekran gayet net ama Şişli'de olmamıza rağmen ekranda hala Levent yazıyor.,yolcu_hizmetleri,8,fault_report,0,P4,3,,manuel_hedefli:hard_negative_sinyalizasyon_yolcu
Tarife uyuşmazlığı geçiş engellendi Topkapı,yolcu_hizmetleri,8,fault_report,0,P2,1,devrik,relabel:ollama
Sefer birleştirme kararı,yolcu_hizmetleri,8,information_request,2,P4,3,cok_kisa,relabel:ollama
Peron dolu seferler gecikiyor Şişli,yolcu_hizmetleri,8,complaint,3,P4,3,devrik,relabel:ollama
Personel eksliği yönlendirme yapılamıyor Ataköy,yolcu_hizmetleri,8,complaint,3,P4,3,devrik,relabel:ollama
"Kozyatağı yönlü sefer gelmedi, nedeni henüz belirlenememiştir.",yolcu_hizmetleri,8,fault_report,0,P2,1,standart,relabel:ollama
Kapalı peron değişikliği,yolcu_hizmetleri,8,fault_report,0,P4,3,cok_kisa,relabel:ollama
taksimde sefer gecikiyo neden belli degil,yolcu_hizmetleri,8,information_request,2,P2,1,yazim_yanlisi,relabel:ollama
Işıklı olsun yönlendirme tabelaları alt katta,yolcu_hizmetleri,8,suggestion,4,P4,3,devrik,relabel:ollama
M2 treninde yolculara laf atıldı.,guvenlik_asayis_olay,9,incident_report,1,P2,1,cok_kisa,relabel:ollama
M3 treninde yolcuya laf atılıyor.,guvenlik_asayis_olay,9,incident_report,1,P2,1,cok_kisa,relabel:ollama
Hastalar için perona sedye.,guvenlik_asayis_olay,9,suggestion,4,P4,3,cok_kisa,relabel:ollama
Yolcu alkollü müdahale,guvenlik_asayis_olay,9,incident_report,1,P2,1,cok_kisa,relabel:ollama
Taksim 1. peronda kavga var.,guvenlik_asayis_olay,9,incident_report,1,P2,1,cok_kisa,relabel:ollama
Kirazlı istasyonu peron katında diğer yolculara küfredip tehdit savuran kişi kolluk kuvvetlerine bildirildi.,guvenlik_asayis_olay,9,incident_report,1,P2,1,standart,relabel:ollama
Yolcu dusmesi iptal duyuruldu itu hastane,guvenlik_asayis_olay,9,incident_report,1,P1,0,yazim_yanlisi,relabel:ollama
Yolcu dusmesi sefer iptal duyuru yok hacosman,guvenlik_asayis_olay,9,incident_report,1,P1,0,yazim_yanlisi,relabel:ollama
Asansör önünde yolcuya küfür edildi.,guvenlik_asayis_olay,9,incident_report,1,P2,1,cok_kisa,relabel:ollama
kirazli istasyonu T-04 vagonda sigara icen iki kisi karakolluk oldu,guvenlik_asayis_olay,9,incident_report,1,P2,1,yazim_yanlisi,relabel:ollama
Engel olundu peronda intihar etmeye çalışan şahsa.,guvenlik_asayis_olay,9,incident_report,1,P1,0,devrik,relabel:ollama
Göztepe istasyonu M4-15 trende diğer yolcuları tehdit eden kişi güvenlik ekiplerince araçtan indirildi.,guvenlik_asayis_olay,9,incident_report,1,P2,1,standart,relabel:ollama
Sanayi Mahallesi istasyonu turnike bölgesinde kimlik ibraz etmeyi reddeden şüpheli şahıs polise sevk edildi.,guvenlik_asayis_olay,9,incident_report,1,P2,1,standart,relabel:ollama
Kayıp eşya bildirimi kayıt altına alındı Haliç,guvenlik_asayis_olay,9,incident_report,1,P2,1,devrik,relabel:ollama
"Söğütlüçeşme istasyonunda kayıp eşya bildirimi alındı, güvenlik birimine iletildi.",guvenlik_asayis_olay,9,incident_report,1,P2,1,standart,relabel:ollama
Darp etti diğer yolcuyu turnike bölgesinde şahıs.,guvenlik_asayis_olay,9,incident_report,1,P1,0,devrik,relabel:ollama
haciosman bilet holunde kimlik ibraz etmeyen sahis polise bildirildi,guvenlik_asayis_olay,9,incident_report,1,P2,1,yazim_yanlisi,relabel:ollama
Kadıköy istasyonu peron alanında çevreye rahatsızlık veren alkollü şahıs bölgeden uzaklaştırıldı.,guvenlik_asayis_olay,9,incident_report,1,P2,1,standart,relabel:ollama
kirazli aktarma koridorunda kavga eden iki grup guvenlikce ayrildi,guvenlik_asayis_olay,9,incident_report,1,P2,1,yazim_yanlisi,relabel:ollama
sirinevler gise alti supheli paket ihbari var polis gelene kadar,guvenlik_asayis_olay,9,incident_report,1,P1,0,yazim_yanlisi,relabel:ollama
Küfürler savurdu yolculara A4 vagonunda alkollü şahıs.,guvenlik_asayis_olay,9,incident_report,1,P2,1,devrik,relabel:ollama
Kabataş istasyonu gişeler bölgesindeki sahipsiz bir sırt çantası nedeniyle alan geçici olarak kordona alınmıştır.,guvenlik_asayis_olay,9,incident_report,1,P1,0,standart,relabel:ollama
sirinevler peronunda bir kisinin cantasini kapip kacan hirsiz yakalandi,guvenlik_asayis_olay,9,incident_report,1,P2,1,yazim_yanlisi,relabel:ollama
Kartal istasyonu bilet holünde izinsiz para toplayan dilenci istasyon sınırları dışına çıkarıldı.,guvenlik_asayis_olay,9,incident_report,1,P2,1,standart,relabel:ollama
Rayda yürüyor bir kişi Şişli 2. peron.,guvenlik_asayis_olay,9,incident_report,1,P1,0,devrik,relabel:ollama
Kullanıyordu yasak madde merdiven boşluğunda iki kişi.,guvenlik_asayis_olay,9,incident_report,1,P2,1,devrik,relabel:ollama
sirinevler 1. peron ray hattinda supheli biri dolasiyo acil guvenlik,guvenlik_asayis_olay,9,incident_report,1,P1,0,yazim_yanlisi,relabel:ollama
Yenikapı istasyonu M2 aktarma tünelinde dolaşan şüpheli şahıs hakkında kumanda merkezine bilgi verilmiştir.,guvenlik_asayis_olay,9,incident_report,1,P2,1,standart,relabel:ollama
Darp edildi kadın yolcu peron kenarında aniden.,guvenlik_asayis_olay,9,incident_report,1,P1,0,devrik,relabel:ollama
Atladı ray hattına bir yolcu Mecidiyeköy peronunda.,guvenlik_asayis_olay,9,incident_report,1,P1,0,devrik,relabel:ollama
Gayrettepe turnike bölgesinde kaçak geçiş,guvenlik_asayis_olay,9,incident_report,1,P2,1,cok_kisa,relabel:ollama
atakoy istasyonuna ambulans beklem noktasi yapilsa iyi olur bence.,guvenlik_asayis_olay,9,suggestion,4,P4,3,yazim_yanlisi,relabel:ollama
turnikeden atlayan var cikis kapisi,guvenlik_asayis_olay,9,incident_report,1,P1,0,yazim_yanlisi,relabel:gemini
Kartal bilet holü şüpheli paket,guvenlik_asayis_olay,9,incident_report,1,P1,0,cok_kisa,relabel:ollama
Gece vardiyasında Aksaray istasyonu turnike bölgesinde yetkisiz bir şahsın teknisyen odasına girmeye çalıştığı görüldü.,guvenlik_asayis_olay,9,incident_report,1,P2,1,standart,relabel:ollama
Topkapı peronunda sigara içen şahıs.,guvenlik_asayis_olay,9,incident_report,1,P2,1,cok_kisa,relabel:ollama
Taksim yürüyen bantta yankesicilik yapıldı.,guvenlik_asayis_olay,9,incident_report,1,P2,1,cok_kisa,relabel:ollama
Taksim istasyonunda raylara inmeye çalışan alkollü kişi acil müdahale edilerek peron alanına geri çekildi.,guvenlik_asayis_olay,9,incident_report,1,P1,0,standart,relabel:ollama
bilet bolgesinde kavgaya karisan iki kisi alikoyuldu,guvenlik_asayis_olay,9,incident_report,1,P1,0,yazim_yanlisi,relabel:gemini
Yenikapı bilet holünde fiziki kavga.,guvenlik_asayis_olay,9,incident_report,1,P1,0,cok_kisa,relabel:ollama
Taciz etti oturan kadını M1A treninde adam.,guvenlik_asayis_olay,9,incident_report,1,P2,1,devrik,relabel:ollama
Mecidiyeköy istasyonunda vagon içinde sigara içen yolcu uyarılmasına rağmen küfür edip güvenlik görevlisine sataştı.,guvenlik_asayis_olay,9,incident_report,1,P1,0,standart,relabel:gemini
Kayıp eşya teslimatı gecikiyor Kirazlı,guvenlik_asayis_olay,9,complaint,3,P4,3,devrik,relabel:ollama
bostanci istasyonunda kadin yolcuya sozlu taciz yapan kisi alikoyuldu,guvenlik_asayis_olay,9,incident_report,1,P2,1,yazim_yanlisi,relabel:ollama
taksim turnike katinda yankesicilik yapan kisi polis tarafindan yakalandi,guvenlik_asayis_olay,9,incident_report,1,P2,1,yazim_yanlisi,relabel:ollama
Alındı karakola yolcunun çantasını gasp eden saldırgan.,guvenlik_asayis_olay,9,incident_report,1,P1,0,devrik,relabel:ollama
Otogar istasyonu kuzey girişinde yolcuların eşyalarını çalmaya çalışan hırsız kameralarca tespit edilip alıkoyuldu.,guvenlik_asayis_olay,9,incident_report,1,P2,1,standart,relabel:ollama
Yenikapı istasyonunda kayıp eşya teslim prosedürü hemen başlatıldı.,guvenlik_asayis_olay,9,incident_report,1,P2,1,standart,relabel:ollama
bagcilar turnike arkasinda supheli sahis dolasiyo guvenlik personeli yok,guvenlik_asayis_olay,9,incident_report,1,P2,1,yazim_yanlisi,relabel:ollama
Pendik istasyonunda yürüyen merdivenlerde hırsızlık yaparken suçüstü yakalanan şüpheli polise sevk edildi.,guvenlik_asayis_olay,9,incident_report,1,P2,1,standart,relabel:ollama
Tespit edildi yasak madde satmaya çalışan şahıs.,guvenlik_asayis_olay,9,incident_report,1,P2,1,devrik,relabel:ollama
Otogarda tren içerisinde sigara içildi.,guvenlik_asayis_olay,9,incident_report,1,P2,1,cok_kisa,relabel:ollama
Taksim istasyonu güney çıkışında izinsiz dilencilik yapan kişi kolluk kuvvetlerine teslim edilmek üzere alıkoyuldu.,guvenlik_asayis_olay,9,incident_report,1,P2,1,standart,relabel:ollama
Çaldı kulaklığı bankta oturan yolcudan kaçan şahıs.,guvenlik_asayis_olay,9,incident_report,1,P2,1,devrik,relabel:ollama
otogar peron katinda yolcunun cebinden para calan sahis tutuklandi,guvenlik_asayis_olay,9,incident_report,1,P2,1,yazim_yanlisi,relabel:ollama
İTÜ-Ayazağa istasyonunda M2-08 treninde kadın yolcuya sözlü tacizde bulunan şüpheli alıkoyuldu.,guvenlik_asayis_olay,9,incident_report,1,P2,1,standart,relabel:ollama
M2-04 treni içerisinde yasaklı madde kullandığı tespit edilen yolcu Yenikapı istasyonunda polise teslim edildi.,guvenlik_asayis_olay,9,incident_report,1,P2,1,standart,relabel:ollama
Yakalandı Bağcılar istasyonunda kavga eden iki kişi.,guvenlik_asayis_olay,9,incident_report,1,P2,1,devrik,relabel:ollama
kadikoy rhtim girisinde kavga cikaran iki kisi karakola goturuldu,guvenlik_asayis_olay,9,incident_report,1,P2,1,yazim_yanlisi,relabel:ollama
Yenikapı aktarmada iki kişi dövüşüyor.,guvenlik_asayis_olay,9,incident_report,1,P2,1,cok_kisa,relabel:ollama
Sabah vardiyasında Şişli-Mecidiyeköy istasyonu gişe bölgesinde turnikeden atlayarak kaçak geçiş yapan şahıslar tespit edilmiştir.,guvenlik_asayis_olay,9,incident_report,1,P2,1,standart,relabel:ollama
Yolcu paniği peron,guvenlik_asayis_olay,9,incident_report,1,P1,0,cok_kisa,relabel:ollama
Saldırdı güvenlik görevlisine Aksaray çıkışında kimliksiz adam.,guvenlik_asayis_olay,9,incident_report,1,P1,0,devrik,relabel:ollama
uskudar K-03 tren icinde izinsiz madde kullanan sahis indirildi,guvenlik_asayis_olay,9,incident_report,1,P2,1,yazim_yanlisi,relabel:ollama
Mecidiyeköy üst katta yankesicilik oldu.,guvenlik_asayis_olay,9,incident_report,1,P2,1,cok_kisa,relabel:ollama
Levent istasyonu kuzey girişinde diğer yolcuları rahatsız ederek zorla para isteyen dilenci alıkoyuldu.,guvenlik_asayis_olay,9,incident_report,1,P2,1,standart,relabel:ollama
Bostancı peronunda cüzdan hırsızlığı.,guvenlik_asayis_olay,9,incident_report,1,P2,1,cok_kisa,relabel:ollama
Bağırdı hakaretlerle insanlara Yenikapı aktarma merkezinde adam.,guvenlik_asayis_olay,9,incident_report,1,P2,1,devrik,relabel:ollama
Yolcu kaçağı cezası,guvenlik_asayis_olay,9,incident_report,1,P2,1,cok_kisa,relabel:ollama
Yenikapı istasyonunda kadın yolcunun çantasından cep telefonunu çalan hırsız güvenlik ekipleri tarafından durduruldu.,guvenlik_asayis_olay,9,incident_report,1,P2,1,standart,relabel:ollama
Peron sonuna doğru intihar teşebbüsü.,guvenlik_asayis_olay,9,incident_report,1,P1,0,cok_kisa,relabel:ollama
Şişli istasyonu turnike alanında görevli personele fiili saldırıda bulunan şahıs emniyet güçlerince gözaltına alındı.,guvenlik_asayis_olay,9,incident_report,1,P1,0,standart,relabel:ollama
Levent istasyonu aktarma vagonunda yolcunun cep telefonunu çalan yankesici diğer yolcuların yardımıyla yakalandı.,guvenlik_asayis_olay,9,incident_report,1,P2,1,standart,relabel:ollama
Vezneciler istasyonu bilet holünde unuttuğu eşyasını alan yolcuya bıçak çekip tehdit eden şahıs engellendi.,guvenlik_asayis_olay,9,incident_report,1,P1,0,standart,relabel:ollama
Çaldı kadının çantasını Vezneciler peronunda şüpheli şahıs.,guvenlik_asayis_olay,9,incident_report,1,P2,1,devrik,relabel:ollama
Bostancı istasyonu güney girişinde yolculardan zorla para isteyen dilenci istasyon dışına çıkarıldı.,guvenlik_asayis_olay,9,incident_report,1,P2,1,standart,relabel:ollama
Atladı 2. peronda raya intihar teşebbüsü önlendi.,guvenlik_asayis_olay,9,incident_report,1,P1,0,devrik,relabel:ollama
Altunizade istasyonu yolcu aktarma koridorundaki şüpheli paket ihbarı üzerine alan güvenlik çemberine alınmıştır.,guvenlik_asayis_olay,9,incident_report,1,P1,0,standart,relabel:ollama
Bostancı 2. peronda taciz iddiası.,guvenlik_asayis_olay,9,incident_report,1,P2,1,cok_kisa,relabel:ollama
Mecidiyeköy istasyonu bilet holünde güvenlik görevlisine fiili saldırıda bulunan şahıs polise teslim edildi.,guvenlik_asayis_olay,9,incident_report,1,P1,0,standart,relabel:ollama
Gayrettepe bilet holünde kavga çıktı.,guvenlik_asayis_olay,9,incident_report,1,P2,1,cok_kisa,relabel:ollama
Bilet holünde sahipsiz çanta var,guvenlik_asayis_olay,9,incident_report,1,P1,0,cok_kisa,relabel:ollama
Yakalandı trende para toplayan dilenci servis başlangıcında.,guvenlik_asayis_olay,9,incident_report,1,P2,1,devrik,relabel:ollama
kartal bilet bolgesinde yasak madde satan sahis polise yakalattirildi,guvenlik_asayis_olay,9,incident_report,1,P2,1,yazim_yanlisi,relabel:ollama
Çaldı cüzdanı yürüyen merdivende az önce hırsız.,guvenlik_asayis_olay,9,incident_report,1,P2,1,devrik,relabel:ollama
Bilet holünde bıçak çekme olayı.,guvenlik_asayis_olay,9,incident_report,1,P1,0,cok_kisa,relabel:ollama
Vezneciler peronunda laf atma olayı.,guvenlik_asayis_olay,9,incident_report,1,P2,1,cok_kisa,relabel:ollama
Bilet kontrolu yok hucum oldu 4levent,guvenlik_asayis_olay,9,incident_report,1,P2,1,yazim_yanlisi,relabel:ollama
kadikoy kayip esya proseduru calismiyo,guvenlik_asayis_olay,9,complaint,3,P4,3,yazim_yanlisi,relabel:ollama
bagcilar 1 peron sonu intihar girisimi nedeniyle sefer durduruldu,guvenlik_asayis_olay,9,incident_report,1,P1,0,yazim_yanlisi,relabel:ollama
Aksaray istasyonu bilet holünde sözlü tartışmayı kavgaya dönüştüren şahıslar güvenlikçe ayrıldı.,guvenlik_asayis_olay,9,incident_report,1,P2,1,standart,relabel:ollama
taksim peronunda bir bayani sozle taciz eden sahis yakalandi,guvenlik_asayis_olay,9,incident_report,1,P2,1,yazim_yanlisi,relabel:ollama
Mecidiyeköy istasyonu 2. peronda ray hattına atlayarak intihar girişiminde bulunan yolcu son anda kurtarıldı.,guvenlik_asayis_olay,9,incident_report,1,P1,0,standart,relabel:ollama
Peronda yankesicilik olayı yaşandı.,guvenlik_asayis_olay,9,incident_report,1,P2,1,cok_kisa,relabel:ollama
Kimlik ibraz etmeyen yolcu taşkınlık yaptı.,guvenlik_asayis_olay,9,incident_report,1,P2,1,cok_kisa,relabel:ollama
BSO-01 alanında uyuşturucu kullanımı.,guvenlik_asayis_olay,9,incident_report,1,P2,1,cok_kisa,relabel:ollama
haciosman son durakta M-02 vagonu icinde sigara icen yolcu uyarildi,guvenlik_asayis_olay,9,incident_report,1,P2,1,yazim_yanlisi,relabel:ollama
kirazli istasyonu YM-03 vagonunda sigara icen yolcuya mudahale edildi,guvenlik_asayis_olay,9,incident_report,1,P2,1,yazim_yanlisi,relabel:ollama
Vagonda yolcu sigara içiyor.,guvenlik_asayis_olay,9,incident_report,1,P2,1,cok_kisa,relabel:ollama
Vagonda bir kişi sigara içiyor.,guvenlik_asayis_olay,9,incident_report,1,P2,1,cok_kisa,relabel:ollama
Çaldı kadının çantasını A2 vagonunda yankesici.,guvenlik_asayis_olay,9,incident_report,1,P2,1,devrik,relabel:ollama
Yolcu eşyası peron,guvenlik_asayis_olay,9,incident_report,1,P2,1,cok_kisa,relabel:ollama
Kimlik ibraz etmedi güvenlik görevlisine bilet holünde.,guvenlik_asayis_olay,9,incident_report,1,P2,1,devrik,relabel:ollama
kartal istasyonu guney cikista uusturucu madde kullanan sahis alindi,guvenlik_asayis_olay,9,incident_report,1,P2,1,yazim_yanlisi,relabel:ollama
Şişli istasyonunda sahipsiz valiz var,guvenlik_asayis_olay,9,incident_report,1,P1,0,cok_kisa,relabel:ollama
M1-15 kodlu trenin yolcu kompartımanında sahipsiz valiz bulunması üzerine güvenlik önlemleri alınmıştır.,guvenlik_asayis_olay,9,incident_report,1,P1,0,standart,relabel:ollama
Şişli istasyonu 1. peronda yolculara sözlü sataşmada bulunan şahıs güvenlik personeli tarafından dışarı çıkarıldı.,guvenlik_asayis_olay,9,incident_report,1,P2,1,standart,relabel:ollama
Bostancı istasyonunda tren vagonu içerisinde sigara yakan yolcu güvenlik tarafından araçtan çıkartıldı.,guvenlik_asayis_olay,9,incident_report,1,P2,1,standart,relabel:ollama
Kimlik ibraz etmeyen şüpheli.,guvenlik_asayis_olay,9,incident_report,1,P2,1,cok_kisa,relabel:gemini
sisli peron bolgesinde kesici alet ceken sahis etkisiz hale getirildi,guvenlik_asayis_olay,9,incident_report,1,P1,0,yazim_yanlisi,relabel:ollama
Turnikeden kart basmadan geçiş var,guvenlik_asayis_olay,9,incident_report,1,P2,1,cok_kisa,relabel:ollama
Yakalandı vagonda dilencilik yapıp para toplayan kişi.,guvenlik_asayis_olay,9,incident_report,1,P2,1,devrik,relabel:ollama
Çocuk kaybı bildirildi,guvenlik_asayis_olay,9,incident_report,1,P1,0,cok_kisa,relabel:ollama
Kirazlı peronunda bıçaklı kavga çıktı.,guvenlik_asayis_olay,9,incident_report,1,P1,0,cok_kisa,relabel:ollama
Müdahale edildi intihar için raya atlayan kadın yolcuya.,guvenlik_asayis_olay,9,incident_report,1,P1,0,devrik,relabel:ollama
levent vagonunda diger yolculara hakaret eden sahis disari cikarildi,guvenlik_asayis_olay,9,incident_report,1,P2,1,yazim_yanlisi,relabel:ollama
Kartal peronunda intihar girişimi.,guvenlik_asayis_olay,9,incident_report,1,P1,0,cok_kisa,relabel:ollama
İçti sigara peronda uyarıya rağmen kural tanımaz şahıs.,guvenlik_asayis_olay,9,incident_report,1,P2,1,devrik,relabel:ollama
Üsküdar 2. peronda şüpheli şahıs,guvenlik_asayis_olay,9,incident_report,1,P2,1,cok_kisa,relabel:ollama
Topkapı istasyonunda hırsızlık vakası gerçekleşti.,guvenlik_asayis_olay,9,incident_report,1,P2,1,cok_kisa,relabel:ollama
Maslak istasyonu peron katında uyuşturucu madde bulunduran şüpheli güvenlik ekiplerince polise teslim edildi.,guvenlik_asayis_olay,9,incident_report,1,P2,1,standart,relabel:ollama
Bırakılmış şüpheli çanta Şişli üst kat merdivenlerinde.,guvenlik_asayis_olay,9,incident_report,1,P1,0,devrik,relabel:ollama
Makas bölgesinde şüpheli paket.,guvenlik_asayis_olay,9,incident_report,1,P1,0,cok_kisa,relabel:ollama
Vezneciler istasyonunda peron kenarında diğer yolcuları iterek tehlike yaratan alkollü kişi engellendi.,guvenlik_asayis_olay,9,incident_report,1,P1,0,standart,relabel:ollama
Duruyor şüpheli paket bilet holünde bankonun yanında.,guvenlik_asayis_olay,9,incident_report,1,P1,0,devrik,relabel:ollama
haciosman turnikelerde guvenlik personeline saldiran yolcu polise teslim edildi,guvenlik_asayis_olay,9,incident_report,1,P1,0,yazim_yanlisi,relabel:ollama
Geçti turnikeden kart basmadan iki kişi Taksim'de.,guvenlik_asayis_olay,9,incident_report,1,P2,1,devrik,relabel:ollama
Gayrettepe tünel ağzında kasten darp.,guvenlik_asayis_olay,9,incident_report,1,P1,0,cok_kisa,relabel:ollama
Yakalandı son anda Ataköy peronunda raya atlayan adam.,guvenlik_asayis_olay,9,incident_report,1,P1,0,devrik,relabel:ollama
Asansör önünde sözlü sataşma.,guvenlik_asayis_olay,9,incident_report,1,P2,1,cok_kisa,relabel:ollama
Aksaray bilet holünde çanta hırsızlığı.,guvenlik_asayis_olay,9,incident_report,1,P2,1,cok_kisa,relabel:ollama
Levent istasyonunda vagon içerisinde sigara içen ve uyarılara uymayan yolcu M2-04 treninden indirildi.,guvenlik_asayis_olay,9,incident_report,1,P2,1,standart,relabel:ollama
Kartal istasyonu peron alanında ray hattına girmeye çalışan şahıs güvenlik personeli tarafından engellendi.,guvenlik_asayis_olay,9,incident_report,1,P1,0,standart,relabel:ollama
sisli gise tarafinda genc bir grup turnikeden atlayip kacti,guvenlik_asayis_olay,9,incident_report,1,P2,1,yazim_yanlisi,relabel:ollama
Rayda insan var acil.,guvenlik_asayis_olay,9,incident_report,1,P1,0,cok_kisa,relabel:ollama
vezneciler turnike katinda kufur eden alkollu yolcu polise devredildi,guvenlik_asayis_olay,9,incident_report,1,P2,1,yazim_yanlisi,relabel:ollama
Ataşehir transfer koridorunda cebeciği çalmaya çalışan kişi yakalanıp polis ekiplerine teslim edildi.,guvenlik_asayis_olay,9,incident_report,1,P1,0,standart,relabel:gemini
Sataştı kadın yolculara koridorda yürürken sarhoş adam.,guvenlik_asayis_olay,9,incident_report,1,P2,1,devrik,relabel:ollama
Edildi sözlü taciz kadın yolcuya TR-04 vagonunda.,guvenlik_asayis_olay,9,incident_report,1,P2,1,devrik,relabel:ollama
otogar girisinde guvenlik gorevlisine kufur eden yolcu alikoyuldu,guvenlik_asayis_olay,9,incident_report,1,P2,1,yazim_yanlisi,relabel:ollama
Yakalandı yankesici Kadıköy istasyonu turnike alanında polisçe.,guvenlik_asayis_olay,9,incident_report,1,P2,1,devrik,relabel:ollama
gayrettepe turnikeler yaninda fiziki siddet uygulayan yolcu polise verildi,guvenlik_asayis_olay,9,incident_report,1,P1,0,yazim_yanlisi,relabel:ollama
YM-03 kodlu vagonda hırsızlık yapıldı.,guvenlik_asayis_olay,9,incident_report,1,P2,1,cok_kisa,relabel:ollama
Bostancı bilet holünde intihar teşebbüsü.,guvenlik_asayis_olay,9,incident_report,1,P1,0,cok_kisa,relabel:ollama
Şişhane istasyonu 2. peron peron ayırıcı kapı bölgesinde şüpheli sırt çantası ihbarı alınmıştır.,guvenlik_asayis_olay,9,incident_report,1,P1,0,standart,relabel:ollama
Şişli bilet holünde kavga.,guvenlik_asayis_olay,9,incident_report,1,P2,1,cok_kisa,relabel:ollama
Ayrılık Çeşmesi istasyonunda yetkisiz bir kişinin tünel giriş kapısını zorladığı kameralarca tespit edilmiştir.,guvenlik_asayis_olay,9,incident_report,1,P2,1,standart,relabel:ollama
bagcilar bilet holunde cuzdan calan yankesici polise teslim edildi,guvenlik_asayis_olay,9,incident_report,1,P2,1,yazim_yanlisi,relabel:ollama
gayrettepe bilet bolgesinde cuzdan calan hirsiz guvenlik tarafindan yakalandi,guvenlik_asayis_olay,9,incident_report,1,P2,1,yazim_yanlisi,relabel:ollama
umraniye peron katinda kavgaya tutusan gruba guvenlik mudahale etti,guvenlik_asayis_olay,9,incident_report,1,P2,1,yazim_yanlisi,relabel:ollama
Üsküdar istasyonu bilet holünde kavga çıkartıp cam panolara zarar veren iki kişi tutuklandı.,guvenlik_asayis_olay,9,incident_report,1,P2,1,standart,relabel:ollama
Yolcu perona atladı intihar teşebbüsü engellendi.,guvenlik_asayis_olay,9,incident_report,1,P1,0,devrik,relabel:gemini
Bostancı istasyonunda zorla para istendi.,guvenlik_asayis_olay,9,incident_report,1,P2,1,cok_kisa,relabel:ollama
Yakalandı Kadıköy peronunda cep telefonu çalan hırsız.,guvenlik_asayis_olay,9,incident_report,1,P2,1,devrik,relabel:ollama
Atladı turnikeden kaçak yolcu kuzey turnikelerde.,guvenlik_asayis_olay,9,incident_report,1,P2,1,devrik,relabel:ollama
bostanci istasyonu gise katinda supheli sahis surekli dolaniyo cantalara bakiyo,guvenlik_asayis_olay,9,incident_report,1,P2,1,yazim_yanlisi,relabel:ollama
dilenci grupları turnike önünde yolcu engelliyo,guvenlik_asayis_olay,9,incident_report,1,P2,1,yazim_yanlisi,relabel:ollama
bakirkoy istasyonunda vagon icinde elektronik sigara icen yolcu uyarildi,guvenlik_asayis_olay,9,incident_report,1,P2,1,yazim_yanlisi,relabel:ollama
Gişe önünde görevliye darp.,guvenlik_asayis_olay,9,incident_report,1,P1,0,cok_kisa,relabel:ollama
Ray hattına yolcu düştü.,guvenlik_asayis_olay,9,incident_report,1,P1,0,cok_kisa,relabel:ollama
Kartal istasyonu B kapısı girişinde şüpheli davranışlar sergileyen bir şahıs olduğu yönünde ihbar ulaşmıştır.,guvenlik_asayis_olay,9,incident_report,1,P2,1,standart,relabel:ollama
vezneciler ust katinda yankesicilik vakasi polise ihbar edildi,guvenlik_asayis_olay,9,incident_report,1,P2,1,yazim_yanlisi,relabel:ollama
mecidiyekoy peron ortasinda bagirip kufur eden sahis durduruldu,guvenlik_asayis_olay,9,incident_report,1,P2,1,yazim_yanlisi,relabel:ollama
Üsküdar istasyonunda peron alanında sigara içen ve uyarılara uymayan şahıs hakkında yasal işlem başlatıldı.,guvenlik_asayis_olay,9,incident_report,1,P2,1,standart,relabel:ollama
Levent gişe önünde kayıp eşya bildirimi alınıp merkeze iletildi.,guvenlik_asayis_olay,9,incident_report,1,P2,1,standart,relabel:ollama
Çıkarıldı Taksim istasyonundan dışarı dilencilik yapan çocuk.,guvenlik_asayis_olay,9,incident_report,1,P2,1,devrik,relabel:ollama
"Kadıköy istasyonu birinci peron ray hattında yürüyen bir şüpheli şahıs tespit edildi, acil müdahale gerekiyor.",guvenlik_asayis_olay,9,incident_report,1,P1,0,standart,relabel:ollama
İçiyordu sigara Gayrettepe koridorunda iki genç yolcu.,guvenlik_asayis_olay,9,incident_report,1,P2,1,devrik,relabel:ollama
Yakalandı cüzdan çalarken Kirazlı istasyonu merdiveninde hırsız.,guvenlik_asayis_olay,9,incident_report,1,P2,1,devrik,relabel:ollama
aksaray peron katinda karsi tarafa hakaret eden kisi indirildi,guvenlik_asayis_olay,9,incident_report,1,P2,1,yazim_yanlisi,relabel:ollama
haciosman turnike bolgesinde dilenen sahis polise teslim edildi,guvenlik_asayis_olay,9,incident_report,1,P2,1,yazim_yanlisi,relabel:ollama
bostanci gise bolgesinde sahipsiz siyah sirt cantasi var supheli paket,guvenlik_asayis_olay,9,incident_report,1,P1,0,yazim_yanlisi,relabel:ollama
taksim peron sonundaki acil cikis koridoru supheli paket sebebiyle kapatilmali,guvenlik_asayis_olay,9,incident_report,1,P1,0,yazim_yanlisi,relabel:ollama
Bırakılmış sahipsiz sırt çantası tünel ağzında akşam.,guvenlik_asayis_olay,9,incident_report,1,P1,0,devrik,relabel:ollama
İstasyon girişinde yasak madde kullanımı.,guvenlik_asayis_olay,9,incident_report,1,P2,1,cok_kisa,relabel:ollama
levent aktarma koridorinda kavgaya karisan iki kisi karakola goturuldu,guvenlik_asayis_olay,9,incident_report,1,P2,1,yazim_yanlisi,relabel:ollama
osmanbey istasyonunda tren icinde kavga cikaran iki kisi tutuldu,guvenlik_asayis_olay,9,incident_report,1,P2,1,yazim_yanlisi,relabel:ollama
uskudar peron katinda yasak madde kullanan sahis polise teslim edildi,guvenlik_asayis_olay,9,incident_report,1,P2,1,yazim_yanlisi,relabel:ollama
taksim asansor onu supheli siyah sirt cantasi var polis cagirildi,guvenlik_asayis_olay,9,incident_report,1,P1,0,yazim_yanlisi,relabel:ollama
Bıçak çekti güvenlik görevlisine Gayrettepe çıkışında saldırgan.,guvenlik_asayis_olay,9,incident_report,1,P1,0,devrik,relabel:ollama
Osmanbey istasyonu 1. peronda sigara içmeye devam eden yolcuya idari yaptırım tutanağı düzenlendi.,guvenlik_asayis_olay,9,incident_report,1,P2,1,standart,relabel:ollama
Uzaklaştırıldı istasyondan sigara içip kabadayılık yapan şahıs.,guvenlik_asayis_olay,9,incident_report,1,P2,1,devrik,relabel:ollama
Duruyor sahipsiz valiz turnike bölgesinde yarım saattir.,guvenlik_asayis_olay,9,incident_report,1,P1,0,devrik,relabel:ollama
Ayrılık Çeşmesi istasyonunda havalandırma boşluğu yakınında uçucu madde kullanan şahıs emniyet ekiplerine teslim edildi.,guvenlik_asayis_olay,9,incident_report,1,P2,1,standart,relabel:ollama
Mecidiyeköy istasyonu aktarma koridorunda kadın yolcuya tacizde bulunan şüpheli yakalanarak polis noktasına götürüldü.,guvenlik_asayis_olay,9,incident_report,1,P2,1,standart,relabel:ollama
Maltepe istasyonu peron alanında uçucu madde koklayan şahıs emniyet güçlerine teslim edilmek üzere tutuldu.,guvenlik_asayis_olay,9,incident_report,1,P2,1,standart,relabel:ollama
Trende kadın yolcuya taciz.,guvenlik_asayis_olay,9,incident_report,1,P2,1,cok_kisa,relabel:ollama
taksim A-12 vagon icinde diger yolcularla kavga eden sahis indirildi,guvenlik_asayis_olay,9,incident_report,1,P2,1,yazim_yanlisi,relabel:ollama
kartal guney cikisi merdiveninde bir kisiye fiziki saldiri yapildi,guvenlik_asayis_olay,9,incident_report,1,P1,0,yazim_yanlisi,relabel:ollama
Vezneciler istasyonundaki bayılma vakalarına hızlı müdahale için peron katına acil yardım kiti ve sedye konulmalıdır.,guvenlik_asayis_olay,9,suggestion,4,P4,3,standart,relabel:ollama
Şirinevler istasyonu asansör önünde vatandaşlara sözlü sataşmada bulunup hakaret eden alkollü şahıs dışarı çıkarıldı.,guvenlik_asayis_olay,9,incident_report,1,P2,1,standart,relabel:ollama
Hacıosman 2. peronda intihar vakası.,guvenlik_asayis_olay,9,incident_report,1,P1,0,cok_kisa,relabel:ollama
raylarin arasina supheli canta atildi sishane metro peronu acil durum.,guvenlik_asayis_olay,9,incident_report,1,P1,0,yazim_yanlisi,relabel:ollama
Laflarıyla taciz etti kadın yolcuyu koridorda adam.,guvenlik_asayis_olay,9,incident_report,1,P2,1,devrik,relabel:ollama
Yakalandı yasak madde kullanan genç Gayrettepe istasyonunda.,guvenlik_asayis_olay,9,incident_report,1,P2,1,devrik,relabel:ollama
Kadıköy istasyonu turnike bölgesinde güvenlik görevlisine hakaret edip küfreden şahıs polise teslim edildi.,guvenlik_asayis_olay,9,incident_report,1,P2,1,standart,relabel:ollama
kirazli peronda duran sahipsiz poset icinde ne oldugu belirsiz supheli,guvenlik_asayis_olay,9,incident_report,1,P1,0,yazim_yanlisi,relabel:ollama
Turnikelerde kimlik ibraz etmeyen şahıs.,guvenlik_asayis_olay,9,incident_report,1,P2,1,cok_kisa,relabel:ollama
Yolcu düşmesi gecikme,guvenlik_asayis_olay,9,incident_report,1,P1,0,cok_kisa,relabel:ollama
maltepe peron katinda kavgaya karisip etrafa saldiran kisi engellendi,guvenlik_asayis_olay,9,incident_report,1,P1,0,yazim_yanlisi,relabel:ollama
M1A treninde yasak madde içiliyor.,guvenlik_asayis_olay,9,incident_report,1,P2,1,cok_kisa,relabel:ollama
Otogar istasyonunda yolcunun cüzdanını kapkaç yöntemiyle çalan şüpheli güvenlik personelince yakalandı.,guvenlik_asayis_olay,9,incident_report,1,P2,1,standart,relabel:ollama
gayrettepe peron alaninda kadin yolcuyu takip edip taciz eden kisi yakalandi,guvenlik_asayis_olay,9,incident_report,1,P2,1,yazim_yanlisi,relabel:ollama
M4-02 vagonunda sigara içilmektedir.,guvenlik_asayis_olay,9,incident_report,1,P2,1,cok_kisa,relabel:ollama
Aksaray istasyonu turnike bölgesinde kimlik kontrolü yapmak isteyen görevliye saldıran şahıs gözaltına alındı.,guvenlik_asayis_olay,9,incident_report,1,P1,0,standart,relabel:ollama
Turnike üstünden atlayan şahıs var.,guvenlik_asayis_olay,9,incident_report,1,P2,1,cok_kisa,relabel:ollama
Çıkarıldı trenden kavga çıkarıp yolcuyu darp eden kişi.,guvenlik_asayis_olay,9,incident_report,1,P1,0,devrik,relabel:ollama
M4-08 vagonunda yolculara küfür edip fiziki şiddet uygulayan saldırgan Bostancı istasyonunda araçtan indirildi.,guvenlik_asayis_olay,9,incident_report,1,P1,0,standart,relabel:ollama
Yolcu hastalığı müdahale,guvenlik_asayis_olay,9,incident_report,1,P1,0,cok_kisa,relabel:ollama
Alındı gözaltına Polise kimliğini vermeyen şahıs.,guvenlik_asayis_olay,9,incident_report,1,P2,1,devrik,relabel:ollama
Kirazlı istasyonu 2. peronda raylara atlama teşebbüsünde bulunan şahıs güvenlik tarafından ikna edildi.,guvenlik_asayis_olay,9,incident_report,1,P1,0,standart,relabel:ollama
kadikoy istasyonunda bayan yolcuyu taciz eden sahis karakola goturuldu,guvenlik_asayis_olay,9,incident_report,1,P2,1,yazim_yanlisi,relabel:ollama
Kayıp eşya bildirimi artıyor Levent,guvenlik_asayis_olay,9,incident_report,1,P2,1,devrik,relabel:ollama
Mecidiyeköy peron hattında rayların üzerine bir yolcunun atladığı tespit edilmiş olup acil elektrik kesintisi istenmiştir.,guvenlik_asayis_olay,9,incident_report,1,P1,0,standart,relabel:ollama
Yolcu dusmesi müdahale,guvenlik_asayis_olay,9,incident_report,1,P1,0,cok_kisa,relabel:ollama
İçecekken yasak madde yakalandı tuvalet koridorunda şüpheli.,guvenlik_asayis_olay,9,incident_report,1,P2,1,devrik,relabel:ollama
İndirildi vagondan yüksek sesle söven agresif yolcu.,guvenlik_asayis_olay,9,incident_report,1,P2,1,devrik,relabel:ollama
atakoy makas bolgesine bir kisi atladi acil elektrigi kesin,guvenlik_asayis_olay,9,incident_report,1,P1,0,yazim_yanlisi,relabel:ollama
Turnike önünde bir şahıs dileniyor.,guvenlik_asayis_olay,9,incident_report,1,P2,1,cok_kisa,relabel:ollama
Ayrılık Çeşmesi istasyonunda kadın yolcuyu sözlü olarak taciz eden şüpheli güvenlik görevlilerince yakalandı.,guvenlik_asayis_olay,9,incident_report,1,P2,1,standart,relabel:ollama
aktarma katinda taciz eden yolcu polis cagirildi,guvenlik_asayis_olay,9,incident_report,1,P1,0,yazim_yanlisi,relabel:gemini
Şirinevler istasyonu bilet holünde fiziki kavgaya tutuşan iki şahıs güvenlik ekiplerince müdahale edilerek ayrıldı.,guvenlik_asayis_olay,9,incident_report,1,P1,0,standart,relabel:ollama
Osmanbey istasyonunda tren içerisinde yüksek sesle küfrederek yolcuları taciz eden kişi ilk istasyonda indirildi.,guvenlik_asayis_olay,9,incident_report,1,P2,1,standart,relabel:ollama
Öğle saatlerinde Otogar istasyonu peron bölümünde duran sahipsiz bir paket bildirilmiştir.,guvenlik_asayis_olay,9,incident_report,1,P1,0,standart,relabel:ollama
Akşam yoğun saatte Şirinevler peron 2 hizasındaki rayların üzerinde şüpheli bir paket fark edilmiştir.,guvenlik_asayis_olay,9,incident_report,1,P1,0,standart,relabel:ollama
Mecidiyeköy M7 tünel duvarı nemlenme var,altyapi_insaat,10,fault_report,0,P4,3,devrik,relabel:ollama
mecidiyekoy m7 tunel duvarinda nemlenme ve alg olusumu var,altyapi_insaat,10,fault_report,0,P4,3,yazim_yanlisi,relabel:gemini
Tünel segment arası su sızıntısı,altyapi_insaat,10,fault_report,0,P3,2,cok_kisa,relabel:ollama
Tünel segment sızıntısı.,altyapi_insaat,10,fault_report,0,P2,1,cok_kisa,relabel:gemini
basaksehir istasyon tuvalet girisi tavan damlasi,altyapi_insaat,10,fault_report,0,P3,2,yazim_yanlisi,relabel:ollama
Kartal M4 peron zemini alt yapı nedenli çökme.,altyapi_insaat,10,fault_report,0,P1,0,standart,relabel:ollama
Göztepe istasyonunda peron duvarı aydınlatması su basması nedeniyle yanıp sönüyor.,altyapi_insaat,10,fault_report,0,P3,2,standart,relabel:ollama
Soğanlık yeni istasyon asansör hücresi ıslak,altyapi_insaat,10,fault_report,0,P3,2,devrik,relabel:ollama
Pendik istasyon kuzey çıkış merdiveni basamakları sökülmüş.,altyapi_insaat,10,fault_report,0,P1,0,standart,relabel:ollama
Yenikapı yangın dolabı kapağı kırık,altyapi_insaat,10,fault_report,0,P4,3,cok_kisa,relabel:ollama
Maltepe istasyon güney kafes korkuluk kırık,altyapi_insaat,10,fault_report,0,P3,2,devrik,relabel:ollama
Kadıköy geçit fayans dökülmesi,altyapi_insaat,10,fault_report,0,P4,3,cok_kisa,relabel:ollama
Vezneciler peron katındaki mazgal tıkanıklığının kalıcı olarak giderilmesi için acil bir drenaj çalışması başlatılacak mıdır?,altyapi_insaat,10,information_request,2,P3,2,standart,relabel:ollama
mecidiyekoy peron 2 duvar altinda su birikintisi,altyapi_insaat,10,fault_report,0,P3,2,yazim_yanlisi,relabel:ollama
Ayrılıkçeşme tünel drenaj borusu tıkanıklığı sel basmasına neden oldu.,altyapi_insaat,10,fault_report,0,P1,0,standart,relabel:ollama
haciosman istasyon tavan panelinden su birikmesi var,altyapi_insaat,10,fault_report,0,P3,2,yazim_yanlisi,relabel:ollama
Yenisahra istasyon geçiş katı tavan sıva dökülmesi.,altyapi_insaat,10,fault_report,0,P1,0,standart,relabel:ollama
Ayrılıkçeşme M4 peron tavanından betonarme taşkınlığı ve demir gondajı görünüyor.,altyapi_insaat,10,fault_report,0,P3,2,standart,relabel:ollama
Bağcılar istasyon girişi buzlanma tuzlanmadı,altyapi_insaat,10,fault_report,0,P1,0,cok_kisa,relabel:ollama
Bostancı peron zemin kayganlık uyarısı,altyapi_insaat,10,fault_report,0,P4,3,cok_kisa,relabel:ollama
Tünel havalandırma kanalı sızıntı,altyapi_insaat,10,fault_report,0,P3,2,cok_kisa,relabel:ollama
"Yenibosna güney çıkış merdivenlerinde buzlanma var, tuzlama ekibi çağrıldı.",altyapi_insaat,10,fault_report,0,P1,0,standart,relabel:ollama
Tavşantepe tünel havalandırma şaftı etrafından su sızıntısı.,altyapi_insaat,10,fault_report,0,P3,2,standart,relabel:ollama
Kirazlı istasyonu acil tahliye kapısının kilidi sıkışmış olup manuel olarak açılamamaktadır.,altyapi_insaat,10,fault_report,0,P1,0,standart,relabel:ollama
Uzunçayır tavan sıva dökülmesi,altyapi_insaat,10,fault_report,0,P4,3,cok_kisa,relabel:ollama
Kirazlı M3 peron tavan panosu su ile çöktü.,altyapi_insaat,10,fault_report,0,P1,0,standart,relabel:ollama
Topkapı geçiş katı duvar altı ıslak,altyapi_insaat,10,fault_report,0,P4,3,devrik,relabel:ollama
Vezneciler güney çıkış tavanından su damlıyor,altyapi_insaat,10,fault_report,0,P3,2,devrik,relabel:ollama
levent peron kenari drenaj tikanik su tasmasi,altyapi_insaat,10,fault_report,0,P2,1,yazim_yanlisi,relabel:ollama
Bostancı istasyonu 1. peron zemininde bulunan sarı ikaz çizgileri yıpranmış ve görünürlüğünü kaybetmiştir.,altyapi_insaat,10,fault_report,0,P4,3,standart,relabel:ollama
Gayrettepe istasyonu peron katındaki acil çıkış kapısı kilit mekanizması sıkıştığı için dışarıdan açılamamaktadır.,altyapi_insaat,10,fault_report,0,P1,0,standart,relabel:ollama
İnşaat alanı ne zaman açılacak?,altyapi_insaat,10,information_request,2,P4,3,cok_kisa,relabel:ollama
Kirazlı M3 tünel segment aralarından sürekli su damlaması devam ediyor.,altyapi_insaat,10,fault_report,0,P3,2,standart,relabel:ollama
"Esenler buzlanmış merdivenler, yolcu düşme şikayeti geldi, tuzlama acil.",altyapi_insaat,10,incident_report,1,P1,0,standart,relabel:ollama
Başakşehir peron duvarında inşaat kalite kusuru çatlak.,altyapi_insaat,10,fault_report,0,P4,3,standart,relabel:ollama
Bağcılar Meydan çıkış korkuluğu betondan kopmuş,altyapi_insaat,10,fault_report,0,P1,0,devrik,relabel:ollama
sisli bilet holu zeminde buyuk cukur oluustu,altyapi_insaat,10,fault_report,0,P1,0,yazim_yanlisi,relabel:ollama
gayrettepe tavan izolasyon hasari nemlenme yayiliyor,altyapi_insaat,10,fault_report,0,P4,3,yazim_yanlisi,relabel:ollama
Yenibosna M1 peron duvar fayanslarda beyazlatma ve çatlak.,altyapi_insaat,10,fault_report,0,P4,3,standart,relabel:ollama
Yedek parça deposu tavanı damlıyor,altyapi_insaat,10,fault_report,0,P4,3,cok_kisa,relabel:ollama
sisli peron duvar fayanslari patlayarak dusuyor,altyapi_insaat,10,fault_report,0,P1,0,yazim_yanlisi,relabel:ollama
Kadıköy peron tuzlama talebi acil,altyapi_insaat,10,fault_report,0,P1,0,cok_kisa,relabel:ollama
"Yenikapı Marmaray transfer merdiveni basamak kaplamaları sökülmüş, beton aşındı.",altyapi_insaat,10,fault_report,0,P3,2,standart,relabel:ollama
vezneciler mazzgal tikanikligi ne zaman acilir yolcular sormaya basladi?,altyapi_insaat,10,information_request,2,P3,2,yazim_yanlisi,relabel:ollama
yenikapi alt kat acil cikis kapisi zincirle kilitlenmis acil durum riski,altyapi_insaat,10,fault_report,0,P1,0,yazim_yanlisi,relabel:ollama
Taksim güney çıkış tavanından su damlaması başladı.,altyapi_insaat,10,fault_report,0,P3,2,standart,relabel:ollama
Bahariye geçidi duvar fayansı kırık parça var,altyapi_insaat,10,fault_report,0,P4,3,devrik,relabel:ollama
Zeytinburnu geçiş merdiveni korkuluk sabitlemesi kopuk durumda.,altyapi_insaat,10,fault_report,0,P3,2,standart,relabel:ollama
Bağcılar hattındaki tünel çatlakları ile ilgili planlanan güçlendirme çalışmaları tam olarak ne kadar süre devam edecektir?,altyapi_insaat,10,information_request,2,P3,2,standart,relabel:ollama
Gayrettepe bilet holü tavanı,altyapi_insaat,10,fault_report,0,P3,2,cok_kisa,relabel:ollama
taksim gunc cikis koridor tavan damlasi basladi,altyapi_insaat,10,fault_report,0,P3,2,yazim_yanlisi,relabel:ollama
Yenikapı Marmaray transfer tüneli segment arası sızıntısı.,altyapi_insaat,10,fault_report,0,P3,2,standart,relabel:ollama
Yenikapı Marmaray transfer tüneli drenaj pompa havuzu taşması meydana geldi.,altyapi_insaat,10,fault_report,0,P1,0,standart,relabel:gemini
topkapi asansor kuyusuna yagmur suyu giris yapti,altyapi_insaat,10,fault_report,0,P2,1,yazim_yanlisi,relabel:ollama
Buz parçaları merdiven basamakları Ataköy çıkış,altyapi_insaat,10,fault_report,0,P1,0,devrik,relabel:ollama
Hacıosman peron korkuluk duvardan söküldü,altyapi_insaat,10,fault_report,0,P3,2,devrik,relabel:ollama
Taksim M2 viyadukt ray altı betonarme kırılması onarım bekliyor.,altyapi_insaat,10,fault_report,0,P1,0,devrik,relabel:gemini
Emniyet-Fatih tünel tavanından kaçak var,altyapi_insaat,10,fault_report,0,P3,2,devrik,relabel:ollama
kartal peron duvar fayans parcalari yere dusu,altyapi_insaat,10,fault_report,0,P1,0,yazim_yanlisi,relabel:ollama
Gayrettepe çıkış koridoru fayanslar sökülüyor,altyapi_insaat,10,fault_report,0,P4,3,devrik,relabel:ollama
Çekmeköy son istasyon tavan paneli devrildi,altyapi_insaat,10,fault_report,0,P1,0,devrik,relabel:ollama
Tavşantepe geçiş koridoru zemin fayansı patladı,altyapi_insaat,10,fault_report,0,P3,2,devrik,relabel:ollama
Tünel yatakta su birikmesi,altyapi_insaat,10,fault_report,0,P3,2,cok_kisa,relabel:ollama
Beşiktaş kazı alanı zeminde çökme gözlemlendi,altyapi_insaat,10,incident_report,1,P1,0,devrik,relabel:ollama
Kum tuzu ihtiyacı acil merdivenler buzlanma,altyapi_insaat,10,suggestion,4,P1,0,devrik,relabel:ollama
uskudar metro merdiven basamak alt kapagi sokuldu,altyapi_insaat,10,fault_report,0,P1,0,yazim_yanlisi,relabel:ollama
Bostancı Marmaray transfer koridoru tavanından yağmur suyu.,altyapi_insaat,10,fault_report,0,P3,2,standart,relabel:ollama
Ümraniye istasyonunda kablo kanalı sızdırmazlığı nedeniyle korozyon riski var.,altyapi_insaat,10,fault_report,0,P4,3,standart,relabel:ollama
Buzlu merdiven tuz atılmamış Yenikapı,altyapi_insaat,10,fault_report,0,P1,0,devrik,relabel:ollama
Kızılay M4 peron duvarında şırıltılı sızıntı,altyapi_insaat,10,fault_report,0,P3,2,devrik,relabel:ollama
Mahmutbey bilet matik duvarı yanında çatlak,altyapi_insaat,10,fault_report,0,P4,3,devrik,relabel:ollama
Şişli istasyon bilet holü tavan panellerinde su birikmesi ve sızıntı tespit edildi.,altyapi_insaat,10,fault_report,0,P3,2,standart,relabel:ollama
Kablo kanalı sızıntı izi tespit edildi,altyapi_insaat,10,fault_report,0,P4,3,devrik,relabel:ollama
Hacıosman tünel döşeme fayanslarda yer yer patlamalar var.,altyapi_insaat,10,fault_report,0,P3,2,standart,relabel:ollama
Çarşı giriş merdiveni betonarme çatladı,altyapi_insaat,10,fault_report,0,P3,2,devrik,relabel:ollama
Dudullu asansör kuyusunda su birikmesi tespit edildi.,altyapi_insaat,10,fault_report,0,P2,1,standart,relabel:ollama
haciosman depo giris rampada zemin cokmesi,altyapi_insaat,10,fault_report,0,P1,0,yazim_yanlisi,relabel:ollama
İstasyon yangın boru basıncı düşük.,altyapi_insaat,10,fault_report,0,P2,1,devrik,relabel:gemini
Yolcu asansörü kuyu sulandı,altyapi_insaat,10,fault_report,0,P3,2,cok_kisa,relabel:ollama
Göztepe M4 peron zemin döşemesi fayans kalkması.,altyapi_insaat,10,fault_report,0,P3,2,standart,relabel:ollama
Ne zaman kesilecek perondaki bu su sızıntısı?,altyapi_insaat,10,information_request,2,P3,2,devrik,relabel:ollama
Pendik marmaray bağlantı rampasında su birikiyor,altyapi_insaat,10,fault_report,0,P3,2,devrik,relabel:ollama
Kontrol merkezi tavanı ıslak leke,altyapi_insaat,10,fault_report,0,P4,3,cok_kisa,relabel:ollama
Taksim istasyonu sarı çizgi silinmiş,altyapi_insaat,10,fault_report,0,P4,3,cok_kisa,relabel:ollama
Olimpiyat istasyon giriş katı zeminde su birikmesi.,altyapi_insaat,10,fault_report,0,P3,2,standart,relabel:ollama
Trafik kontrol odası pencere çerçevesi çatlak,altyapi_insaat,10,fault_report,0,P4,3,cok_kisa,relabel:ollama
kagithane cikis yolundaki duvar siva dokumu,altyapi_insaat,10,fault_report,0,P4,3,yazim_yanlisi,relabel:ollama
Kocamustafapaşa Marmaray peron tavanından sürekli damlama.,altyapi_insaat,10,fault_report,0,P3,2,standart,relabel:ollama
Gayrettepe M2 peronu duvar fayanslarında çatlaklar ve dökülmeler tespit edildi.,altyapi_insaat,10,fault_report,0,P3,2,standart,relabel:gemini
Ümraniye M8 peron tavan panosu su hasarı aldı.,altyapi_insaat,10,fault_report,0,P3,2,standart,relabel:ollama
Sultanbeyli M8 viyadük dilatasyon boşluğundan su kaçağı.,altyapi_insaat,10,fault_report,0,P3,2,standart,relabel:ollama
kirazli asansor kapi ondu duvar sizinti alg,altyapi_insaat,10,fault_report,0,P3,2,yazim_yanlisi,relabel:ollama
"Kadıköy istasyonu koridorlarındaki rutubet ve nemlenme sorunu yolcu konforunu bozuyor, bu konuda bir iyileştirme var mı?",altyapi_insaat,10,complaint,3,P4,3,standart,relabel:ollama
sisli istasyon peron zemin dilatasyon capraz catlasi buyuyor,altyapi_insaat,10,fault_report,0,P2,1,yazim_yanlisi,relabel:gemini
Levent M2 viyadukt ray altı betonu çatlak,altyapi_insaat,10,fault_report,0,P4,3,devrik,relabel:ollama
Tuvalet musluğu akıyor su birikimi yok temizlik,altyapi_insaat,10,fault_report,0,P3,2,devrik,relabel:ollama
kirazli istasyonu acil durum cikis kapisi alarm vermeden aciliyo,altyapi_insaat,10,fault_report,0,P3,2,yazim_yanlisi,relabel:ollama
Güzelyalı yönlü viyadukt dilasyon suyu alıyor,altyapi_insaat,10,fault_report,0,P3,2,devrik,relabel:ollama
Çıkış merdiveni korkuluk kopuk,altyapi_insaat,10,fault_report,0,P3,2,cok_kisa,relabel:ollama
Vezneciler bilet holü zeminde çökme ve çatlak.,altyapi_insaat,10,fault_report,0,P1,0,standart,relabel:ollama
Asansör kat kapı çerçevesi çatlak,altyapi_insaat,10,fault_report,0,P4,3,cok_kisa,relabel:ollama
Duvar çatlağı onarılacak mı?,altyapi_insaat,10,information_request,2,P3,2,cok_kisa,relabel:ollama
Drenaj borusu yapılacak mı koridora bugün?,altyapi_insaat,10,information_request,2,P3,2,devrik,relabel:ollama
YM-12 peron tavanı damlıyor,altyapi_insaat,10,fault_report,0,P3,2,cok_kisa,relabel:ollama
Pendik istasyonu peron kenarındaki sarı ikaz çizgilerinin yıpranması can güvenliği riski oluşturmaktadır.,altyapi_insaat,10,fault_report,0,P4,3,standart,relabel:ollama
Vezneciler kuzey giriş buzlanma tuzlanmadı,altyapi_insaat,10,fault_report,0,P4,3,cok_kisa,relabel:ollama
Sıhhiye alt geçit tavan koruganı döküldü,altyapi_insaat,10,fault_report,0,P3,2,devrik,relabel:ollama
bagcilar tunelindeki catlaklar icin guclendirme ne vakit baslicak acaba?,altyapi_insaat,10,information_request,2,P3,2,yazim_yanlisi,relabel:ollama
Gider tıkanıklığı ne zaman açılır?,altyapi_insaat,10,information_request,2,P3,2,cok_kisa,relabel:ollama
Buzlanma var çıkış merdivenleri tuzlanmadı,altyapi_insaat,10,fault_report,0,P1,0,devrik,relabel:ollama
Şişli-Mecidiyeköy istasyonu peron katındaki yangın dolabı kapağının kilidi bozuk olduğundan kendiliğinden açılmaktadır.,altyapi_insaat,10,fault_report,0,P3,2,standart,relabel:ollama
merdıven basamak boyaları yenılense yolcu daha ıyı gorur.,altyapi_insaat,10,suggestion,4,P4,3,yazim_yanlisi,relabel:ollama
Zemin çökmesi tamir zamanı?,altyapi_insaat,10,information_request,2,P3,2,cok_kisa,relabel:ollama
kartal peron tavan siva dokulmesi basladi,altyapi_insaat,10,fault_report,0,P1,0,yazim_yanlisi,relabel:ollama
kagithane tunel havalandirma kanali duvar catlagi,altyapi_insaat,10,fault_report,0,P3,2,yazim_yanlisi,relabel:ollama
Ayrılıkçeşme tünel Segment aralarından yüksek basınçlı su sızıntısı raporlandı.,altyapi_insaat,10,fault_report,0,P1,0,standart,relabel:gemini
Esenler otobüs terminali geçişi tavanda yağmur suyu,altyapi_insaat,10,fault_report,0,P3,2,devrik,relabel:ollama
İkitelli M9 tünel invert betonunda çatlak ve sızıntı.,altyapi_insaat,10,fault_report,0,P3,2,standart,relabel:ollama
Fayanslar değişecek mi girişteki acil acaba?,altyapi_insaat,10,information_request,2,P4,3,devrik,relabel:ollama
vezneciler peron tavan betonarme donati gorunuyor,altyapi_insaat,10,fault_report,0,P3,2,yazim_yanlisi,relabel:ollama
Küçükyalı tünel duvarında mineralleşme ve nem,altyapi_insaat,10,fault_report,0,P4,3,devrik,relabel:ollama
Çekmeköy tünel döşemesinde çatlak ve su çıkışı.,altyapi_insaat,10,fault_report,0,P3,2,standart,relabel:ollama
Üsküdar istasyonu 1. peron zeminindeki sarı ikaz çizgileri tamamen silindiği için yenilenmesi gerekmektedir.,altyapi_insaat,10,fault_report,0,P4,3,standart,relabel:ollama
Servis başlangıcında Kabataş istasyonu acil durum çıkış kapısının dışarıdan kilitli kaldığı tespit edilmiştir.,altyapi_insaat,10,fault_report,0,P1,0,standart,relabel:ollama
Tavan sızıntısı ne zaman biter?,altyapi_insaat,10,information_request,2,P3,2,cok_kisa,relabel:ollama
Bağcılar tünel segment suyu,altyapi_insaat,10,fault_report,0,P3,2,cok_kisa,relabel:ollama
merdiven baslarina kaydirmaz bant yapistirilmasi yolcu guvenligi icin cok onemli.,altyapi_insaat,10,suggestion,4,P4,3,yazim_yanlisi,relabel:ollama
"Mecidiyeköy istasyonu tavanındaki yoğun su sızıntısı için teknik ekip ne zaman müdahale edecek, bilgi alabilir miyim?",altyapi_insaat,10,information_request,2,P3,2,standart,relabel:ollama
Koridor duvarı nemlenme ve höveleşme,altyapi_insaat,10,fault_report,0,P4,3,cok_kisa,relabel:ollama
mahmutbey peron sonu duvar zemin ayrildi,altyapi_insaat,10,fault_report,0,P3,2,yazim_yanlisi,relabel:ollama
kadikoy istasyonundaki tavan akintisi nezaman tamir edilicek acaba bilgi varmi?,altyapi_insaat,10,information_request,2,P3,2,yazim_yanlisi,relabel:ollama
Kirazlı depoya gidiş yolu merdiveni çökmüş,altyapi_insaat,10,fault_report,0,P1,0,devrik,relabel:ollama
Yapılmalı zemin revizyonu yürüyen merdiven girişine.,altyapi_insaat,10,suggestion,4,P4,3,devrik,relabel:ollama
halic istasyon tavan isotma borusu siziyor,altyapi_insaat,10,fault_report,0,P3,2,yazim_yanlisi,relabel:ollama
Peron geçişi kapalı yolcular bekliyor Şişhane,altyapi_insaat,10,fault_report,0,P2,1,devrik,relabel:ollama
Huzurevi çıkış catlası suyu içeri kaçıyor,altyapi_insaat,10,fault_report,0,P3,2,devrik,relabel:ollama
Bostancı marmaray geçiş merdiveni basamak söküldü,altyapi_insaat,10,fault_report,0,P1,0,devrik,relabel:ollama
4 levent peron duvar zeminde buyuk nem lekesi,altyapi_insaat,10,fault_report,0,P4,3,yazim_yanlisi,relabel:ollama
Uzunçayır istasyon giriş koridoru zemin dilatasyonundan su çıkışı artıyor.,altyapi_insaat,10,fault_report,0,P3,2,standart,relabel:ollama
Teknik oda duvarı rutubetli,altyapi_insaat,10,fault_report,0,P4,3,cok_kisa,relabel:ollama
Gayrettepe tavan panel aralığından yağmur suyu,altyapi_insaat,10,fault_report,0,P3,2,devrik,relabel:ollama
"Bayrampaşa-Maltepe girişinde buzlanma riski, gece ekibi tuzlama unutmuş.",altyapi_insaat,10,fault_report,0,P1,0,standart,relabel:ollama
"Tavşantepe çıkış merdivenlerinde buzlanma, tuzlama yapıldı ama eriyen su dondu.",altyapi_insaat,10,fault_report,0,P1,0,standart,relabel:ollama
aksaray tuvalet lvabo donms buz var,altyapi_insaat,10,fault_report,0,P4,3,yazim_yanlisi,relabel:ollama
Şişhane kuzey geçit tavan paneli çatlak,altyapi_insaat,10,fault_report,0,P4,3,devrik,relabel:ollama
Vezneciler tuvalet kapısı kilitlemiyor kirli,altyapi_insaat,10,fault_report,0,P3,2,cok_kisa,relabel:ollama
Vezneciler geçit catlağı altı nemli koku,altyapi_insaat,10,fault_report,0,P3,2,cok_kisa,relabel:ollama
Bağcılar Meydan tünel invert betonunda çatlak ilerlemesi.,altyapi_insaat,10,fault_report,0,P3,2,standart,relabel:ollama
sishane peron duvar zemin catlak buyuyor,altyapi_insaat,10,fault_report,0,P3,2,yazim_yanlisi,relabel:ollama
kadikoy alt kat acil cikis kapisinin onune temizlik arabasi park edilmis,altyapi_insaat,10,fault_report,0,P1,0,yazim_yanlisi,relabel:ollama
Su tankı tavanı sızma yapıyor,altyapi_insaat,10,fault_report,0,P3,2,cok_kisa,relabel:ollama
Ataköy bilet holü duvar sıvası dökülüyor,altyapi_insaat,10,fault_report,0,P4,3,devrik,relabel:ollama
mecidiyekoy m2 tunel segment arasi sizintisi artiyor,altyapi_insaat,10,fault_report,0,P3,2,yazim_yanlisi,relabel:ollama
Vezneciler geçit merdiveni buzlanma riski,altyapi_insaat,10,fault_report,0,P4,3,cok_kisa,relabel:ollama
yenikapi marmaray giris merdiven basamak betonu ctlak,altyapi_insaat,10,fault_report,0,P1,0,yazim_yanlisi,relabel:ollama
Yamanevler çıkış catlası altından su geliyor,altyapi_insaat,10,fault_report,0,P3,2,devrik,relabel:ollama
mahmutbey peron zemin dilatasyon catlasi genisliyor,altyapi_insaat,10,fault_report,0,P3,2,yazim_yanlisi,relabel:ollama
Çıkış kapısı üst kiriş çatlak,altyapi_insaat,10,fault_report,0,P3,2,cok_kisa,relabel:ollama
Gayrettepe M11 çıkış yapısı duvarında dikey çatlak ve sıva dökülmesi var.,altyapi_insaat,10,fault_report,0,P4,3,standart,relabel:ollama
Şişli peron 1 buzlanma erken müdahale,altyapi_insaat,10,fault_report,0,P1,0,cok_kisa,relabel:ollama
kadikoy metro a vm ust gecidi korkuluk baglantisi kopuk,altyapi_insaat,10,fault_report,0,P3,2,yazim_yanlisi,relabel:gemini
Kadıköy istasyon asansör kuyusuna yeraltı suyu girdi.,altyapi_insaat,10,fault_report,0,P2,1,standart,relabel:ollama
Oturakçı tünel arka duvarında sızıntı devam ediyor,altyapi_insaat,10,fault_report,0,P3,2,devrik,relabel:ollama
Bakırköy Marmaray peron korkuluk direği betondan kırık.,altyapi_insaat,10,fault_report,0,P3,2,standart,relabel:ollama
Yenikapı yönlendirme duvarı çatlak ilerliyor,altyapi_insaat,10,fault_report,0,P3,2,devrik,relabel:ollama
Yangın musluğu nişanı duvardan kopuk,altyapi_insaat,10,fault_report,0,P4,3,cok_kisa,relabel:ollama
Tünel portalı beton sökülmesi,altyapi_insaat,10,fault_report,0,P3,2,cok_kisa,relabel:ollama
ayrilikcesme koridor tavan panel sokulme riski,altyapi_insaat,10,fault_report,0,P1,0,yazim_yanlisi,relabel:ollama
Levent M2 peron duvarında fayans dökülmeleri ve arkasında nemlenme gözleniyor.,altyapi_insaat,10,fault_report,0,P4,3,standart,relabel:ollama
kartal istasyon giris cikis cam kenari sizinti,altyapi_insaat,10,fault_report,0,P3,2,yazim_yanlisi,relabel:ollama
Yangın merdiveni tavan sızıntısı,altyapi_insaat,10,fault_report,0,P4,3,cok_kisa,relabel:ollama
Peronlara kaydırmaz zemin solüsyonu.,altyapi_insaat,10,suggestion,4,P4,3,cok_kisa,relabel:ollama
Kağıthane tünel içi drenaj tıkanıklığı yaşanıyor,altyapi_insaat,10,fault_report,0,P3,2,devrik,relabel:ollama
Peron duvarı fayans dökülmesi,altyapi_insaat,10,fault_report,0,P3,2,cok_kisa,relabel:ollama
Tavan sıva parçası yere düştü,altyapi_insaat,10,fault_report,0,P1,0,cok_kisa,relabel:ollama
"Yakacık-Adnan Kahveci istasyonunda tuvalet musluğu akmıyor, ama lavabo kirli.",altyapi_insaat,10,fault_report,0,P3,2,standart,relabel:ollama
Aksaray yönlü tünel duvarında alg oluşumu,altyapi_insaat,10,fault_report,0,P4,3,devrik,relabel:ollama
"Çağlayan istasyonunun tavanındaki su giderlerinin hepsi tıkanmış, şiddetli sızıntı yüzünden peron resmen göle döndü.",altyapi_insaat,10,fault_report,0,P2,1,,manuel_hedefli:p2_dolayli_cogulluk
Zemin dilatasyon kapakları kalkmış,altyapi_insaat,10,fault_report,0,P1,0,cok_kisa,relabel:ollama
Gayrettepe M2 peron korkuluk bağlantı demiri söküldü.,altyapi_insaat,10,fault_report,0,P3,2,standart,relabel:ollama
Kanalizasyon revizyonu kapak eksik,altyapi_insaat,10,fault_report,0,P3,2,cok_kisa,relabel:ollama
Peron Köprüsü dilatasyon kauçuk sökük,altyapi_insaat,10,fault_report,0,P3,2,cok_kisa,relabel:ollama
Ümraniye M5 peron duvarı sıva dökülmesi,altyapi_insaat,10,fault_report,0,P4,3,devrik,relabel:ollama
Drenaj mazgalı tıkanıklığı ve taşma,altyapi_insaat,10,fault_report,0,P3,2,cok_kisa,relabel:ollama
kadikoy ust gecit korkuluk baglanti demiri kopuk,altyapi_insaat,10,fault_report,0,P1,0,yazim_yanlisi,relabel:ollama
Dudullu M5 peron duvarına monte panonun kopması.,altyapi_insaat,10,fault_report,0,P3,2,standart,relabel:ollama
kagithane uks elektrik panosu icinde buz cobani,altyapi_insaat,10,fault_report,0,P3,2,yazim_yanlisi,relabel:ollama
Şişhane çıkış merdiveni son basamak betonu çatlak yüzünden kapatıldı.,altyapi_insaat,10,fault_report,0,P2,1,devrik,relabel:gemini
ayrilikcesme tunel segment arasi su basinci yuksek,altyapi_insaat,10,fault_report,0,P2,1,yazim_yanlisi,relabel:ollama
universite aktarma tavan izgara dusmesi bugun,altyapi_insaat,10,fault_report,0,P1,0,yazim_yanlisi,relabel:ollama
Açılmıyor acil çıkış kapısı kilitli kalmış Şişhane.,altyapi_insaat,10,fault_report,0,P1,0,devrik,relabel:ollama
Ataköy peron duvarı sızıntısı,altyapi_insaat,10,fault_report,0,P3,2,cok_kisa,relabel:ollama
Ziya Gökalp M9 istasyon giriş katı zemin çökmesi.,altyapi_insaat,10,fault_report,0,P1,0,standart,relabel:ollama
Kozyatağı M8 tünel drenaj borusu tıklı,altyapi_insaat,10,fault_report,0,P3,2,devrik,relabel:ollama
Tünel içi ıslaklık yayılıyor,altyapi_insaat,10,fault_report,0,P3,2,cok_kisa,relabel:ollama
4 levent yolgecidi tavan panel sokulme riski,altyapi_insaat,10,fault_report,0,P1,0,yazim_yanlisi,relabel:ollama
Altunizade M5-M12 geçiş koridoru tavanı ıslak,altyapi_insaat,10,fault_report,0,P3,2,devrik,relabel:ollama
Üsküdar M5 tüneli duvarından basınçlı su sıçraması.,altyapi_insaat,10,fault_report,0,P3,2,standart,relabel:ollama
kirazli istasyon tuvalet lavabo alt sifon siziyor,altyapi_insaat,10,fault_report,0,P3,2,yazim_yanlisi,relabel:ollama
Bilet matik duvarı çatlaklı,altyapi_insaat,10,fault_report,0,P4,3,cok_kisa,relabel:ollama
Mecidiyeköy koridor duvar nemlenme,altyapi_insaat,10,fault_report,0,P4,3,cok_kisa,relabel:ollama
Kozyatağı peron arkası duvar çatlak büyüdü,altyapi_insaat,10,fault_report,0,P3,2,devrik,relabel:ollama
bagcilar istasyon tunel duvarindan su damliyo,altyapi_insaat,10,fault_report,0,P3,2,yazim_yanlisi,relabel:ollama
İMES viyadük kolumu alt geçit tavanı sızıntılı.,altyapi_insaat,10,fault_report,0,P3,2,standart,relabel:ollama
Peron uç kaplama taşları sökülmüş,altyapi_insaat,10,fault_report,0,P3,2,cok_kisa,relabel:ollama
sirinevler tunel duvar betonarme donati gorunuyor,altyapi_insaat,10,fault_report,0,P3,2,yazim_yanlisi,relabel:ollama
olimpiyat peron zemin seramik sokme alt beton catlak,altyapi_insaat,10,fault_report,0,P3,2,yazim_yanlisi,relabel:ollama
Kartal yönlü viyadukt direk altı beton hasarlı,altyapi_insaat,10,fault_report,0,P4,3,devrik,relabel:ollama
Kadıköy M4 tüneli invert döşemesinde çatlak ve su basıncı ile çıkış mevcut.,altyapi_insaat,10,fault_report,0,P3,2,standart,relabel:ollama
Atatürk Oto Sanayi peron duvarı nemlenme ve küflenme.,altyapi_insaat,10,fault_report,0,P4,3,standart,relabel:ollama
Kadıköy istasyonu B çıkış koridorunda tavan panellerinden su damlaması devam ediyor.,altyapi_insaat,10,fault_report,0,P3,2,standart,relabel:gemini
topkapi marmaray koridor duvar boyasi kabaridi,altyapi_insaat,10,fault_report,0,P4,3,yazim_yanlisi,relabel:ollama
Yenikapı marmaray bağlantı merdiven basamağı kırık,altyapi_insaat,10,fault_report,0,P3,2,devrik,relabel:ollama
